business_id,model_naics_code,model_naics_confidence,model_naics_desc,model_mcc_code,model_mcc_desc,would_override
8359406311301,238210,0.9900918,Unknown,5614,Unknown,True
3240127982257,238210,0.9900918,Unknown,5614,Unknown,True
9915953013491,238210,0.9900918,Unknown,5614,Unknown,True
9143998425641,238210,0.9900918,Unknown,5614,Unknown,True
3250990851144,238210,0.9900918,Unknown,5614,Unknown,True
1423561915030,238210,0.9900918,Unknown,5614,Unknown,True
1122070725515,238210,0.9900918,Unknown,5614,Unknown,True
5766529948932,238210,0.9900918,Unknown,5614,Unknown,True
3512095699893,238210,0.9900918,Unknown,5614,Unknown,True
2404311013180,238210,0.9900918,Unknown,5614,Unknown,True
5951497782883,238210,0.9900918,Unknown,5614,Unknown,True
2912188575778,238210,0.9900918,Unknown,5614,Unknown,True
7367540573685,238210,0.9900918,Unknown,5614,Unknown,True
4061654828008,238210,0.9900918,Unknown,5614,Unknown,True
5080058485550,238210,0.9900918,Unknown,5614,Unknown,True
7659378084630,238210,0.9900918,Unknown,5614,Unknown,True
1231965003273,238210,0.9900918,Unknown,5614,Unknown,True
7365421983974,238210,0.9900918,Unknown,5614,Unknown,True
3566786180940,238210,0.9900918,Unknown,5614,Unknown,True
4166195421712,238210,0.9900918,Unknown,5614,Unknown,True
3305578113837,238210,0.9900918,Unknown,5614,Unknown,True
5348253579340,238210,0.9900918,Unknown,5614,Unknown,True
2285837997462,238210,0.9900918,Unknown,5614,Unknown,True
4338478906971,238210,0.9900918,Unknown,5614,Unknown,True
4988089851505,238210,0.9900918,Unknown,5614,Unknown,True
8064456178312,238210,0.9900918,Unknown,5614,Unknown,True
4042398363603,238210,0.9900918,Unknown,5614,Unknown,True
3485981577695,238210,0.9900918,Unknown,5614,Unknown,True
7408961270156,238210,0.9900918,Unknown,5614,Unknown,True
1095182313509,238210,0.9900918,Unknown,5614,Unknown,True
1739671976501,238210,0.9900918,Unknown,5614,Unknown,True
9089883485091,238210,0.9900918,Unknown,5614,Unknown,True
5748811860335,238210,0.9900918,Unknown,5614,Unknown,True
9467248698218,238210,0.9900918,Unknown,5614,Unknown,True
1148919234035,238210,0.9900918,Unknown,5614,Unknown,True
5744330544118,238210,0.9900918,Unknown,5614,Unknown,True
7288840059311,238210,0.9900918,Unknown,5614,Unknown,True
7579416914116,238210,0.9900918,Unknown,5614,Unknown,True
2319038156155,238210,0.9900918,Unknown,5614,Unknown,True
7077020650755,238210,0.9900918,Unknown,5614,Unknown,True
4877093651269,238210,0.9900918,Unknown,5614,Unknown,True
4797531290138,238210,0.9900918,Unknown,5614,Unknown,True
6475328109157,238210,0.9900918,Unknown,5614,Unknown,True
5420374660349,238210,0.9900918,Unknown,5614,Unknown,True
4249858817680,238210,0.9900918,Unknown,5614,Unknown,True
9599675041778,238210,0.9900918,Unknown,5614,Unknown,True
7728165721105,238210,0.9900918,Unknown,5614,Unknown,True
6572416637514,238210,0.9900918,Unknown,5614,Unknown,True
3277547923037,238210,0.9900918,Unknown,5614,Unknown,True
1545059327847,238210,0.9900918,Unknown,5614,Unknown,True
3450582993411,238210,0.9900918,Unknown,5614,Unknown,True
3650935406528,238210,0.9900918,Unknown,5614,Unknown,True
4131507197075,238210,0.9900918,Unknown,5614,Unknown,True
7638663673178,238210,0.9900918,Unknown,5614,Unknown,True
1733126203093,238210,0.9900918,Unknown,5614,Unknown,True
7633832700861,238210,0.9900918,Unknown,5614,Unknown,True
3991461931622,238210,0.9900918,Unknown,5614,Unknown,True
3693325089864,238210,0.9900918,Unknown,5614,Unknown,True
4520787113668,238210,0.9900918,Unknown,5614,Unknown,True
7943933468745,238210,0.9900918,Unknown,5614,Unknown,True
5187984913534,238210,0.9900918,Unknown,5614,Unknown,True
2213642531973,238210,0.9900918,Unknown,5614,Unknown,True
4025732388339,238210,0.9900918,Unknown,5614,Unknown,True
2068013555685,238210,0.9900918,Unknown,5614,Unknown,True
4969599897434,238210,0.9900918,Unknown,5614,Unknown,True
1808837586624,238210,0.9900918,Unknown,5614,Unknown,True
9754264711307,238210,0.9900918,Unknown,5614,Unknown,True
2553792631139,238210,0.9900918,Unknown,5614,Unknown,True
8961458238134,238210,0.9900918,Unknown,5614,Unknown,True
1115146921411,238210,0.9900918,Unknown,5614,Unknown,True
9107339756638,238210,0.9900918,Unknown,5614,Unknown,True
6334529269745,238210,0.9900918,Unknown,5614,Unknown,True
8426414821827,238210,0.9900918,Unknown,5614,Unknown,True
9032087248812,238210,0.9900918,Unknown,5614,Unknown,True
1495184905477,238210,0.9900918,Unknown,5614,Unknown,True
3060174066647,238210,0.9900918,Unknown,5614,Unknown,True
3351642814974,238210,0.9900918,Unknown,5614,Unknown,True
9908029414539,238210,0.9900918,Unknown,5614,Unknown,True
7890064880276,238210,0.9900918,Unknown,5614,Unknown,True
4074673326845,238210,0.9900918,Unknown,5614,Unknown,True
4969311465391,238210,0.9900918,Unknown,5614,Unknown,True
9872801221772,238210,0.9900918,Unknown,5614,Unknown,True
6786758734432,238210,0.9900918,Unknown,5614,Unknown,True
6732019161505,238210,0.9900918,Unknown,5614,Unknown,True
4214208917336,238210,0.9900918,Unknown,5614,Unknown,True
7091717641046,238210,0.9900918,Unknown,5614,Unknown,True
8056641348843,238210,0.9900918,Unknown,5614,Unknown,True
1359492763802,238210,0.9900918,Unknown,5614,Unknown,True
4967109969042,238210,0.9900918,Unknown,5614,Unknown,True
9170803613717,238210,0.9900918,Unknown,5614,Unknown,True
3952652463299,238210,0.9900918,Unknown,5614,Unknown,True
9165854857909,238210,0.9900918,Unknown,5614,Unknown,True
5214478885121,238210,0.9900918,Unknown,5614,Unknown,True
6462449888706,238210,0.9900918,Unknown,5614,Unknown,True
7755089088359,238210,0.9900918,Unknown,5614,Unknown,True
6897507615844,238210,0.9900918,Unknown,5614,Unknown,True
4297259523429,238210,0.9900918,Unknown,5614,Unknown,True
5224003577594,238210,0.9900918,Unknown,5614,Unknown,True
4547094575566,238210,0.9900918,Unknown,5614,Unknown,True
2889144934542,238210,0.9900918,Unknown,5614,Unknown,True
4879105951284,238210,0.9900918,Unknown,5614,Unknown,True
8852832815179,238210,0.9900918,Unknown,5614,Unknown,True
3295230824220,238210,0.9900918,Unknown,5614,Unknown,True
1345869305588,238210,0.9900918,Unknown,5614,Unknown,True
6939550507028,238210,0.9900918,Unknown,5614,Unknown,True
2119220413399,238210,0.9900918,Unknown,5614,Unknown,True
7245369763568,238210,0.9900918,Unknown,5614,Unknown,True
8293264552278,238210,0.9900918,Unknown,5614,Unknown,True
2462212564623,238210,0.9900918,Unknown,5614,Unknown,True
8116069637887,238210,0.9900918,Unknown,5614,Unknown,True
2732864222078,238210,0.9900918,Unknown,5614,Unknown,True
8935840664966,238210,0.9900918,Unknown,5614,Unknown,True
2540538155378,238210,0.9900918,Unknown,5614,Unknown,True
8405973126466,238210,0.9900918,Unknown,5614,Unknown,True
9714467950477,238210,0.9900918,Unknown,5614,Unknown,True
2942522874201,238210,0.9900918,Unknown,5614,Unknown,True
5241522026227,238210,0.9900918,Unknown,5614,Unknown,True
1163278859205,238210,0.9900918,Unknown,5614,Unknown,True
4431902284402,238210,0.9900918,Unknown,5614,Unknown,True
3857861491704,238210,0.9900918,Unknown,5614,Unknown,True
6612951971676,238210,0.9900918,Unknown,5614,Unknown,True
2714901862026,238210,0.9900918,Unknown,5614,Unknown,True
3160988183752,238210,0.9900918,Unknown,5614,Unknown,True
5919248549817,238210,0.9900918,Unknown,5614,Unknown,True
9370675108015,238210,0.9900918,Unknown,5614,Unknown,True
4596716077237,238210,0.9900918,Unknown,5614,Unknown,True
1950028480779,238210,0.9900918,Unknown,5614,Unknown,True
8972428136281,238210,0.9900918,Unknown,5614,Unknown,True
6788734576071,238210,0.9900918,Unknown,5614,Unknown,True
4691182595943,238210,0.9900918,Unknown,5614,Unknown,True
5132593603119,238210,0.9900918,Unknown,5614,Unknown,True
1009518951449,238210,0.9900918,Unknown,5614,Unknown,True
5647712863994,238210,0.9900918,Unknown,5614,Unknown,True
6043514023326,238210,0.9900918,Unknown,5614,Unknown,True
7962393935799,238210,0.9900918,Unknown,5614,Unknown,True
5185806236157,238210,0.9900918,Unknown,5614,Unknown,True
3497563023597,238210,0.9900918,Unknown,5614,Unknown,True
3719130579920,238210,0.9900918,Unknown,5614,Unknown,True
3790911302514,238210,0.9900918,Unknown,5614,Unknown,True
2890126744206,238210,0.9900918,Unknown,5614,Unknown,True
2706492957787,238210,0.9900918,Unknown,5614,Unknown,True
4124904620082,238210,0.9900918,Unknown,5614,Unknown,True
5780020946236,238210,0.9900918,Unknown,5614,Unknown,True
2509689030030,238210,0.9900918,Unknown,5614,Unknown,True
4074762764289,238210,0.9900918,Unknown,5614,Unknown,True
2930434245238,238210,0.9900918,Unknown,5614,Unknown,True
9661076219982,238210,0.9900918,Unknown,5614,Unknown,True
4560906885887,238210,0.9900918,Unknown,5614,Unknown,True
1084937727089,238210,0.9900918,Unknown,5614,Unknown,True
7170653091782,238210,0.9900918,Unknown,5614,Unknown,True
6244819688252,238210,0.9900918,Unknown,5614,Unknown,True
5845199972865,238210,0.9900918,Unknown,5614,Unknown,True
1226842071412,238210,0.9900918,Unknown,5614,Unknown,True
5261191185645,238210,0.9900918,Unknown,5614,Unknown,True
4517074668973,238210,0.9900918,Unknown,5614,Unknown,True
5038586906950,238210,0.9900918,Unknown,5614,Unknown,True
4847718569431,238210,0.9900918,Unknown,5614,Unknown,True
8856266969810,238210,0.9900918,Unknown,5614,Unknown,True
5455557670469,238210,0.9900918,Unknown,5614,Unknown,True
1806560342004,238210,0.9900918,Unknown,5614,Unknown,True
3653194935591,238210,0.9900918,Unknown,5614,Unknown,True
8506384566088,238210,0.9900918,Unknown,5614,Unknown,True
6497279506133,238210,0.9900918,Unknown,5614,Unknown,True
9331601778203,238210,0.9900918,Unknown,5614,Unknown,True
6095370413368,238210,0.9900918,Unknown,5614,Unknown,True
7820486614145,238210,0.9900918,Unknown,5614,Unknown,True
1170071513307,238210,0.9900918,Unknown,5614,Unknown,True
1214648723784,238210,0.9900918,Unknown,5614,Unknown,True
8125393043379,238210,0.9900918,Unknown,5614,Unknown,True
3676639774135,238210,0.9900918,Unknown,5614,Unknown,True
9420985989970,238210,0.9900918,Unknown,5614,Unknown,True
4660630262410,238210,0.9900918,Unknown,5614,Unknown,True
7590708380512,238210,0.9900918,Unknown,5614,Unknown,True
9593366772690,238210,0.9900918,Unknown,5614,Unknown,True
1840306947178,238210,0.9900918,Unknown,5614,Unknown,True
1837506772771,238210,0.9900918,Unknown,5614,Unknown,True
9255083302372,238210,0.9900918,Unknown,5614,Unknown,True
5270528436123,238210,0.9900918,Unknown,5614,Unknown,True
8390664562652,238210,0.9900918,Unknown,5614,Unknown,True
4290505964814,238210,0.9900918,Unknown,5614,Unknown,True
8776289963078,238210,0.9900918,Unknown,5614,Unknown,True
2228553974712,238210,0.9900918,Unknown,5614,Unknown,True
6843018047733,238210,0.9900918,Unknown,5614,Unknown,True
9838861732926,238210,0.9900918,Unknown,5614,Unknown,True
4083420578125,238210,0.9900918,Unknown,5614,Unknown,True
1955400436752,238210,0.9900918,Unknown,5614,Unknown,True
2847123771169,238210,0.9900918,Unknown,5614,Unknown,True
8849077573845,238210,0.9900918,Unknown,5614,Unknown,True
6358813596496,238210,0.9900918,Unknown,5614,Unknown,True
4001944690438,238210,0.9900918,Unknown,5614,Unknown,True
8708194931000,238210,0.9900918,Unknown,5614,Unknown,True
9415512735032,238210,0.9900918,Unknown,5614,Unknown,True
6329138836400,238210,0.9900918,Unknown,5614,Unknown,True
7408001688870,238210,0.9900918,Unknown,5614,Unknown,True
7366936014399,238210,0.9900918,Unknown,5614,Unknown,True
1242615682224,238210,0.9900918,Unknown,5614,Unknown,True
5181668621857,238210,0.9900918,Unknown,5614,Unknown,True
4046084474962,238210,0.9900918,Unknown,5614,Unknown,True
9680587310807,238210,0.9900918,Unknown,5614,Unknown,True
7569695105325,238210,0.9900918,Unknown,5614,Unknown,True
5051500676307,238210,0.9900918,Unknown,5614,Unknown,True
4544475994708,238210,0.9900918,Unknown,5614,Unknown,True
2505833525294,238210,0.9900918,Unknown,5614,Unknown,True
5073412125047,238210,0.9900918,Unknown,5614,Unknown,True
5532747214223,238210,0.9900918,Unknown,5614,Unknown,True
3920038321657,238210,0.9900918,Unknown,5614,Unknown,True
9027129532135,238210,0.9900918,Unknown,5614,Unknown,True
1200915136868,238210,0.9900918,Unknown,5614,Unknown,True
6546513767021,238210,0.9900918,Unknown,5614,Unknown,True
7881994971559,238210,0.9900918,Unknown,5614,Unknown,True
9389873503411,238210,0.9900918,Unknown,5614,Unknown,True
5560741229641,238210,0.9900918,Unknown,5614,Unknown,True
6978345760193,238210,0.9900918,Unknown,5614,Unknown,True
1101632577780,238210,0.9900918,Unknown,5614,Unknown,True
4068207988948,238210,0.9900918,Unknown,5614,Unknown,True
5704482063983,238210,0.9900918,Unknown,5614,Unknown,True
9142515755525,238210,0.9900918,Unknown,5614,Unknown,True
3593747544265,238210,0.9900918,Unknown,5614,Unknown,True
7385329116929,238210,0.9900918,Unknown,5614,Unknown,True
1996265129303,238210,0.9900918,Unknown,5614,Unknown,True
2602070623143,238210,0.9900918,Unknown,5614,Unknown,True
1616491068094,238210,0.9900918,Unknown,5614,Unknown,True
3193503231482,238210,0.9900918,Unknown,5614,Unknown,True
7327977060383,238210,0.9900918,Unknown,5614,Unknown,True
4061697881140,238210,0.9900918,Unknown,5614,Unknown,True
8309150751015,238210,0.9900918,Unknown,5614,Unknown,True
9632464459826,238210,0.9900918,Unknown,5614,Unknown,True
2214287570292,238210,0.9900918,Unknown,5614,Unknown,True
9965834739293,238210,0.9900918,Unknown,5614,Unknown,True
9090438290841,238210,0.9900918,Unknown,5614,Unknown,True
8876599201311,238210,0.9900918,Unknown,5614,Unknown,True
7755826722011,238210,0.9900918,Unknown,5614,Unknown,True
9649702318806,238210,0.9900918,Unknown,5614,Unknown,True
5601966820203,238210,0.9900918,Unknown,5614,Unknown,True
5392831416938,238210,0.9900918,Unknown,5614,Unknown,True
5551962455909,238210,0.9900918,Unknown,5614,Unknown,True
6705149516281,238210,0.9900918,Unknown,5614,Unknown,True
1730968090596,238210,0.9900918,Unknown,5614,Unknown,True
9208773833447,238210,0.9900918,Unknown,5614,Unknown,True
7119310845771,238210,0.9900918,Unknown,5614,Unknown,True
6117317424969,238210,0.9900918,Unknown,5614,Unknown,True
9746714742189,238210,0.9900918,Unknown,5614,Unknown,True
9398165220262,238210,0.9900918,Unknown,5614,Unknown,True
5104467588545,238210,0.9900918,Unknown,5614,Unknown,True
8892844726770,238210,0.9900918,Unknown,5614,Unknown,True
1815903043483,238210,0.9900918,Unknown,5614,Unknown,True
1591290655230,238210,0.9900918,Unknown,5614,Unknown,True
2343641983151,238210,0.9900918,Unknown,5614,Unknown,True
8920185779211,238210,0.9900918,Unknown,5614,Unknown,True
2494697524646,238210,0.9900918,Unknown,5614,Unknown,True
9742825109619,238210,0.9900918,Unknown,5614,Unknown,True
5124906284240,238210,0.9900918,Unknown,5614,Unknown,True
6387863887576,238210,0.9900918,Unknown,5614,Unknown,True
2903255467401,238210,0.9900918,Unknown,5614,Unknown,True
3747631607926,238210,0.9900918,Unknown,5614,Unknown,True
8770229477896,238210,0.9900918,Unknown,5614,Unknown,True
3327738511863,238210,0.9900918,Unknown,5614,Unknown,True
5022371370227,238210,0.9900918,Unknown,5614,Unknown,True
4224337835765,238210,0.9900918,Unknown,5614,Unknown,True
6679052425501,238210,0.9900918,Unknown,5614,Unknown,True
5800194838003,238210,0.9900918,Unknown,5614,Unknown,True
8196573559867,238210,0.9900918,Unknown,5614,Unknown,True
3015675891284,238210,0.9900918,Unknown,5614,Unknown,True
6731649166693,238210,0.9900918,Unknown,5614,Unknown,True
6955858928692,238210,0.9900918,Unknown,5614,Unknown,True
6743053424243,238210,0.9900918,Unknown,5614,Unknown,True
8498899580972,238210,0.9900918,Unknown,5614,Unknown,True
9352422248048,238210,0.9900918,Unknown,5614,Unknown,True
9810667085147,238210,0.9900918,Unknown,5614,Unknown,True
3012769376031,238210,0.9900918,Unknown,5614,Unknown,True
6836803438924,238210,0.9900918,Unknown,5614,Unknown,True
4709823412193,238210,0.9900918,Unknown,5614,Unknown,True
2610750394002,238210,0.9900918,Unknown,5614,Unknown,True
8415313902872,238210,0.9900918,Unknown,5614,Unknown,True
9293946204104,238210,0.9900918,Unknown,5614,Unknown,True
4955174955831,238210,0.9900918,Unknown,5614,Unknown,True
9551634909978,238210,0.9900918,Unknown,5614,Unknown,True
4229686339373,238210,0.9900918,Unknown,5614,Unknown,True
4014056624281,238210,0.9900918,Unknown,5614,Unknown,True
3130528112711,238210,0.9900918,Unknown,5614,Unknown,True
4011247916016,238210,0.9900918,Unknown,5614,Unknown,True
8091518904574,238210,0.9900918,Unknown,5614,Unknown,True
2341471685967,238210,0.9900918,Unknown,5614,Unknown,True
6784101414171,238210,0.9900918,Unknown,5614,Unknown,True
3015956222840,238210,0.9900918,Unknown,5614,Unknown,True
7602277104495,238210,0.9900918,Unknown,5614,Unknown,True
3615200377411,238210,0.9900918,Unknown,5614,Unknown,True
3429086580047,238210,0.9900918,Unknown,5614,Unknown,True
4928480606377,238210,0.9900918,Unknown,5614,Unknown,True
3656492618182,238210,0.9900918,Unknown,5614,Unknown,True
1976960281593,238210,0.9900918,Unknown,5614,Unknown,True
9919867949963,238210,0.9900918,Unknown,5614,Unknown,True
7425882871237,238210,0.9900918,Unknown,5614,Unknown,True
9887142047266,238210,0.9900918,Unknown,5614,Unknown,True
9288243431000,238210,0.9900918,Unknown,5614,Unknown,True
8806873154382,238210,0.9900918,Unknown,5614,Unknown,True
4108950912401,238210,0.9900918,Unknown,5614,Unknown,True
4548121082576,238210,0.9900918,Unknown,5614,Unknown,True
2139595519664,238210,0.9900918,Unknown,5614,Unknown,True
1261567076042,238210,0.9900918,Unknown,5614,Unknown,True
2389911145874,238210,0.9900918,Unknown,5614,Unknown,True
4128184097325,238210,0.9900918,Unknown,5614,Unknown,True
5820046640197,238210,0.9900918,Unknown,5614,Unknown,True
8201396000230,238210,0.9900918,Unknown,5614,Unknown,True
7674769351192,238210,0.9900918,Unknown,5614,Unknown,True
7467070748928,238210,0.9900918,Unknown,5614,Unknown,True
4375118931484,238210,0.9900918,Unknown,5614,Unknown,True
3647146904988,238210,0.9900918,Unknown,5614,Unknown,True
4351948333690,238210,0.9900918,Unknown,5614,Unknown,True
9190738332668,238210,0.9900918,Unknown,5614,Unknown,True
9473220372866,238210,0.9900918,Unknown,5614,Unknown,True
5052234672617,238210,0.9900918,Unknown,5614,Unknown,True
9718039903104,238210,0.9900918,Unknown,5614,Unknown,True
2139710951015,238210,0.9900918,Unknown,5614,Unknown,True
5896641905829,238210,0.9900918,Unknown,5614,Unknown,True
6014384772979,238210,0.9900918,Unknown,5614,Unknown,True
3510647919277,238210,0.9900918,Unknown,5614,Unknown,True
2636983787918,238210,0.9900918,Unknown,5614,Unknown,True
7074651538501,238210,0.9900918,Unknown,5614,Unknown,True
4232596839457,238210,0.9900918,Unknown,5614,Unknown,True
8609825109498,238210,0.9900918,Unknown,5614,Unknown,True
6693167664800,238210,0.9900918,Unknown,5614,Unknown,True
4179074627562,238210,0.9900918,Unknown,5614,Unknown,True
2714081144820,238210,0.9900918,Unknown,5614,Unknown,True
7083988483130,238210,0.9900918,Unknown,5614,Unknown,True
9476875059363,238210,0.9900918,Unknown,5614,Unknown,True
7563808122879,238210,0.9900918,Unknown,5614,Unknown,True
4543910425620,238210,0.9900918,Unknown,5614,Unknown,True
2066946195823,238210,0.9900918,Unknown,5614,Unknown,True
9474939505594,238210,0.9900918,Unknown,5614,Unknown,True
9361637313313,238210,0.9900918,Unknown,5614,Unknown,True
4302412406628,238210,0.9900918,Unknown,5614,Unknown,True
2381282261248,238210,0.9900918,Unknown,5614,Unknown,True
1736401709468,238210,0.9900918,Unknown,5614,Unknown,True
2889002123982,238210,0.9900918,Unknown,5614,Unknown,True
2272245364123,238210,0.9900918,Unknown,5614,Unknown,True
7517874914904,238210,0.9900918,Unknown,5614,Unknown,True
7241561903546,238210,0.9900918,Unknown,5614,Unknown,True
8509622290143,238210,0.9900918,Unknown,5614,Unknown,True
2268656562512,238210,0.9900918,Unknown,5614,Unknown,True
9903340210859,238210,0.9900918,Unknown,5614,Unknown,True
9533140088008,238210,0.9900918,Unknown,5614,Unknown,True
4687791715345,238210,0.9900918,Unknown,5614,Unknown,True
3393428283241,238210,0.9900918,Unknown,5614,Unknown,True
4169726599245,238210,0.9900918,Unknown,5614,Unknown,True
8876688448797,238210,0.9900918,Unknown,5614,Unknown,True
4117554275383,238210,0.9900918,Unknown,5614,Unknown,True
6076226315595,238210,0.9900918,Unknown,5614,Unknown,True
8544207122983,238210,0.9900918,Unknown,5614,Unknown,True
6065299931994,238210,0.9900918,Unknown,5614,Unknown,True
2759583231348,238210,0.9900918,Unknown,5614,Unknown,True
1143026402975,238210,0.9900918,Unknown,5614,Unknown,True
1935528619515,238210,0.9900918,Unknown,5614,Unknown,True
3268860054547,238210,0.9900918,Unknown,5614,Unknown,True
3782464332368,238210,0.9900918,Unknown,5614,Unknown,True
1636046300817,238210,0.9900918,Unknown,5614,Unknown,True
5749654472435,238210,0.9900918,Unknown,5614,Unknown,True
3808811883089,238210,0.9900918,Unknown,5614,Unknown,True
6630656457906,238210,0.9900918,Unknown,5614,Unknown,True
7126675591133,238210,0.9900918,Unknown,5614,Unknown,True
7326292591079,238210,0.9900918,Unknown,5614,Unknown,True
7495295276788,238210,0.9900918,Unknown,5614,Unknown,True
9341350280691,238210,0.9900918,Unknown,5614,Unknown,True
3874227028177,238210,0.9900918,Unknown,5614,Unknown,True
5050697426430,238210,0.9900918,Unknown,5614,Unknown,True
9094392427312,238210,0.9900918,Unknown,5614,Unknown,True
7636382657337,238210,0.9900918,Unknown,5614,Unknown,True
6195446352239,238210,0.9900918,Unknown,5614,Unknown,True
4137323377105,238210,0.9900918,Unknown,5614,Unknown,True
9879667015060,238210,0.9900918,Unknown,5614,Unknown,True
3956063486127,238210,0.9900918,Unknown,5614,Unknown,True
5798832410174,238210,0.9900918,Unknown,5614,Unknown,True
3888793318579,238210,0.9900918,Unknown,5614,Unknown,True
4601881707216,238210,0.9900918,Unknown,5614,Unknown,True
6145966866969,238210,0.9900918,Unknown,5614,Unknown,True
8158144602288,238210,0.9900918,Unknown,5614,Unknown,True
6100957718046,238210,0.9900918,Unknown,5614,Unknown,True
5794677795026,238210,0.9900918,Unknown,5614,Unknown,True
2855243382652,238210,0.9900918,Unknown,5614,Unknown,True
4215512096271,238210,0.9900918,Unknown,5614,Unknown,True
2797997950154,238210,0.9900918,Unknown,5614,Unknown,True
1678436027817,238210,0.9900918,Unknown,5614,Unknown,True
7926112333915,238210,0.9900918,Unknown,5614,Unknown,True
2731562356519,238210,0.9900918,Unknown,5614,Unknown,True
8696229859743,238210,0.9900918,Unknown,5614,Unknown,True
8571107946821,238210,0.9900918,Unknown,5614,Unknown,True
9083638393395,238210,0.9900918,Unknown,5614,Unknown,True
4858263436140,238210,0.9900918,Unknown,5614,Unknown,True
8271416514213,238210,0.9900918,Unknown,5614,Unknown,True
8180700767317,238210,0.9900918,Unknown,5614,Unknown,True
4785232768132,238210,0.9900918,Unknown,5614,Unknown,True
9287023194848,238210,0.9900918,Unknown,5614,Unknown,True
6327173487136,238210,0.9900918,Unknown,5614,Unknown,True
4962557551213,238210,0.9900918,Unknown,5614,Unknown,True
9129402576143,238210,0.9900918,Unknown,5614,Unknown,True
3070473662029,238210,0.9900918,Unknown,5614,Unknown,True
3413479489943,238210,0.9900918,Unknown,5614,Unknown,True
3432441886421,238210,0.9900918,Unknown,5614,Unknown,True
3703829704594,238210,0.9900918,Unknown,5614,Unknown,True
5748292477638,238210,0.9900918,Unknown,5614,Unknown,True
3526321118619,238210,0.9900918,Unknown,5614,Unknown,True
9263502830745,238210,0.9900918,Unknown,5614,Unknown,True
4268361639676,238210,0.9900918,Unknown,5614,Unknown,True
1328298121514,238210,0.9900918,Unknown,5614,Unknown,True
6970934224457,238210,0.9900918,Unknown,5614,Unknown,True
4287476216759,238210,0.9900918,Unknown,5614,Unknown,True
6655662604248,238210,0.9900918,Unknown,5614,Unknown,True
5238517481935,238210,0.9900918,Unknown,5614,Unknown,True
2597615695821,238210,0.9900918,Unknown,5614,Unknown,True
2938801690273,238210,0.9900918,Unknown,5614,Unknown,True
2857643709022,238210,0.9900918,Unknown,5614,Unknown,True
7139250511640,238210,0.9900918,Unknown,5614,Unknown,True
2762479581588,238210,0.9900918,Unknown,5614,Unknown,True
8962506178592,238210,0.9900918,Unknown,5614,Unknown,True
8735006747632,238210,0.9900918,Unknown,5614,Unknown,True
3555554432635,238210,0.9900918,Unknown,5614,Unknown,True
5612540388941,238210,0.9900918,Unknown,5614,Unknown,True
6203999366772,238210,0.9900918,Unknown,5614,Unknown,True
6362959027416,238210,0.9900918,Unknown,5614,Unknown,True
1580141563123,238210,0.9900918,Unknown,5614,Unknown,True
3616866765418,238210,0.9900918,Unknown,5614,Unknown,True
3352422649301,238210,0.9900918,Unknown,5614,Unknown,True
9401245819199,238210,0.9900918,Unknown,5614,Unknown,True
4924077901409,238210,0.9900918,Unknown,5614,Unknown,True
6606013454278,238210,0.9900918,Unknown,5614,Unknown,True
3024558540795,238210,0.9900918,Unknown,5614,Unknown,True
6108044408124,238210,0.9900918,Unknown,5614,Unknown,True
7944344567588,238210,0.9900918,Unknown,5614,Unknown,True
9307075263757,238210,0.9900918,Unknown,5614,Unknown,True
2768508556922,238210,0.9900918,Unknown,5614,Unknown,True
1282592277466,238210,0.9900918,Unknown,5614,Unknown,True
9557504502127,238210,0.9900918,Unknown,5614,Unknown,True
8704168781267,238210,0.9900918,Unknown,5614,Unknown,True
9762304728465,238210,0.9900918,Unknown,5614,Unknown,True
6982793914310,238210,0.9900918,Unknown,5614,Unknown,True
9617724979923,238210,0.9900918,Unknown,5614,Unknown,True
7449017622143,238210,0.9900918,Unknown,5614,Unknown,True
8435309119338,238210,0.9900918,Unknown,5614,Unknown,True
4010940264737,238210,0.9900918,Unknown,5614,Unknown,True
8548425175415,238210,0.9900918,Unknown,5614,Unknown,True
6471242052573,238210,0.9900918,Unknown,5614,Unknown,True
2266109058825,238210,0.9900918,Unknown,5614,Unknown,True
3353948286804,238210,0.9900918,Unknown,5614,Unknown,True
4946306718448,238210,0.9900918,Unknown,5614,Unknown,True
8949161903504,238210,0.9900918,Unknown,5614,Unknown,True
7841466452134,238210,0.9900918,Unknown,5614,Unknown,True
5867763877627,238210,0.9900918,Unknown,5614,Unknown,True
1821557893501,238210,0.9900918,Unknown,5614,Unknown,True
4475329322955,238210,0.9900918,Unknown,5614,Unknown,True
6683490070369,238210,0.9900918,Unknown,5614,Unknown,True
4220201566879,238210,0.9900918,Unknown,5614,Unknown,True
5215114655466,238210,0.9900918,Unknown,5614,Unknown,True
5544899043917,238210,0.9900918,Unknown,5614,Unknown,True
6778752832858,238210,0.9900918,Unknown,5614,Unknown,True
3755382294196,238210,0.9900918,Unknown,5614,Unknown,True
9121305293399,238210,0.9900918,Unknown,5614,Unknown,True
7619614187041,238210,0.9900918,Unknown,5614,Unknown,True
6972827907623,238210,0.9900918,Unknown,5614,Unknown,True
1060251665034,238210,0.9900918,Unknown,5614,Unknown,True
1517114365416,238210,0.9900918,Unknown,5614,Unknown,True
9669191784624,238210,0.9900918,Unknown,5614,Unknown,True
9121560809265,238210,0.9900918,Unknown,5614,Unknown,True
6201569651370,238210,0.9900918,Unknown,5614,Unknown,True
1381986122770,238210,0.9900918,Unknown,5614,Unknown,True
5806755774306,238210,0.9900918,Unknown,5614,Unknown,True
1589871552122,238210,0.9900918,Unknown,5614,Unknown,True
1244210607605,238210,0.9900918,Unknown,5614,Unknown,True
7035261506332,238210,0.9900918,Unknown,5614,Unknown,True
5729352485016,238210,0.9900918,Unknown,5614,Unknown,True
5157749816147,238210,0.9900918,Unknown,5614,Unknown,True
3015171368921,238210,0.9900918,Unknown,5614,Unknown,True
2758101427403,238210,0.9900918,Unknown,5614,Unknown,True
5435100122256,238210,0.9900918,Unknown,5614,Unknown,True
6178192415780,238210,0.9900918,Unknown,5614,Unknown,True
5649964281218,238210,0.9900918,Unknown,5614,Unknown,True
6024699221650,238210,0.9900918,Unknown,5614,Unknown,True
5459714254886,238210,0.9900918,Unknown,5614,Unknown,True
2155580938049,238210,0.9900918,Unknown,5614,Unknown,True
8053564046080,238210,0.9900918,Unknown,5614,Unknown,True
3655715359848,238210,0.9900918,Unknown,5614,Unknown,True
7706512387573,238210,0.9900918,Unknown,5614,Unknown,True
2865161109462,238210,0.9900918,Unknown,5614,Unknown,True
2220731800649,238210,0.9900918,Unknown,5614,Unknown,True
3168308444942,238210,0.9900918,Unknown,5614,Unknown,True
9463464532486,238210,0.9900918,Unknown,5614,Unknown,True
6032059699359,238210,0.9900918,Unknown,5614,Unknown,True
3419871633620,238210,0.9900918,Unknown,5614,Unknown,True
1291146025026,238210,0.9900918,Unknown,5614,Unknown,True
2243892596177,238210,0.9900918,Unknown,5614,Unknown,True
6538415686652,238210,0.9900918,Unknown,5614,Unknown,True
6540887500351,238210,0.9900918,Unknown,5614,Unknown,True
5375794147217,238210,0.9900918,Unknown,5614,Unknown,True
9664573291102,238210,0.9900918,Unknown,5614,Unknown,True
9141773899548,238210,0.9900918,Unknown,5614,Unknown,True
6320224230303,238210,0.9900918,Unknown,5614,Unknown,True
4451166198457,238210,0.9900918,Unknown,5614,Unknown,True
1346221519653,238210,0.9900918,Unknown,5614,Unknown,True
9560471437973,238210,0.9900918,Unknown,5614,Unknown,True
8850884217506,238210,0.9900918,Unknown,5614,Unknown,True
3437522559993,238210,0.9900918,Unknown,5614,Unknown,True
7407835241421,238210,0.9900918,Unknown,5614,Unknown,True
5288797462625,238210,0.9900918,Unknown,5614,Unknown,True
5613169939625,238210,0.9900918,Unknown,5614,Unknown,True
3703852686365,238210,0.9900918,Unknown,5614,Unknown,True
8417792905883,238210,0.9900918,Unknown,5614,Unknown,True
8470139709020,238210,0.9900918,Unknown,5614,Unknown,True
4277572428360,238210,0.9900918,Unknown,5614,Unknown,True
6816287361909,238210,0.9900918,Unknown,5614,Unknown,True
1579318494621,238210,0.9900918,Unknown,5614,Unknown,True
4028714820559,238210,0.9900918,Unknown,5614,Unknown,True
7255912566591,238210,0.9900918,Unknown,5614,Unknown,True
8585314752762,238210,0.9900918,Unknown,5614,Unknown,True
8442909719485,238210,0.9900918,Unknown,5614,Unknown,True
7022788554613,238210,0.9900918,Unknown,5614,Unknown,True
7616259413861,238210,0.9900918,Unknown,5614,Unknown,True
9277017411925,238210,0.9900918,Unknown,5614,Unknown,True
3063573054117,238210,0.9900918,Unknown,5614,Unknown,True
9950957601169,238210,0.9900918,Unknown,5614,Unknown,True
7510356069231,238210,0.9900918,Unknown,5614,Unknown,True
4435544332248,238210,0.9900918,Unknown,5614,Unknown,True
2506321039762,238210,0.9900918,Unknown,5614,Unknown,True
6445745198623,238210,0.9900918,Unknown,5614,Unknown,True
7112893850553,238210,0.9900918,Unknown,5614,Unknown,True
4185423185344,238210,0.9900918,Unknown,5614,Unknown,True
4220456850631,238210,0.9900918,Unknown,5614,Unknown,True
8610312790724,238210,0.9900918,Unknown,5614,Unknown,True
3105601208712,238210,0.9900918,Unknown,5614,Unknown,True
2743545898339,238210,0.9900918,Unknown,5614,Unknown,True
3490760220125,238210,0.9900918,Unknown,5614,Unknown,True
4541957356061,238210,0.9900918,Unknown,5614,Unknown,True
9227220757946,238210,0.9900918,Unknown,5614,Unknown,True
6287630965107,238210,0.9900918,Unknown,5614,Unknown,True
4240131250422,238210,0.9900918,Unknown,5614,Unknown,True
4265275177313,238210,0.9900918,Unknown,5614,Unknown,True
4354132620437,238210,0.9900918,Unknown,5614,Unknown,True
4089847503865,238210,0.9900918,Unknown,5614,Unknown,True
9956883460106,238210,0.9900918,Unknown,5614,Unknown,True
6142726695594,238210,0.9900918,Unknown,5614,Unknown,True
1962355961867,238210,0.9900918,Unknown,5614,Unknown,True
3821892494901,238210,0.9900918,Unknown,5614,Unknown,True
8737530647790,238210,0.9900918,Unknown,5614,Unknown,True
6631686420486,238210,0.9900918,Unknown,5614,Unknown,True
5057705710174,238210,0.9900918,Unknown,5614,Unknown,True
5779300452003,238210,0.9900918,Unknown,5614,Unknown,True
1250273275190,238210,0.9900918,Unknown,5614,Unknown,True
6942049816435,238210,0.9900918,Unknown,5614,Unknown,True
2891409088717,238210,0.9900918,Unknown,5614,Unknown,True
6040303610381,238210,0.9900918,Unknown,5614,Unknown,True
1498293291853,238210,0.9900918,Unknown,5614,Unknown,True
9995740249496,238210,0.9900918,Unknown,5614,Unknown,True
4624869770603,238210,0.9900918,Unknown,5614,Unknown,True
1809542596388,238210,0.9900918,Unknown,5614,Unknown,True
1014143229052,238210,0.9900918,Unknown,5614,Unknown,True
2361471256581,238210,0.9900918,Unknown,5614,Unknown,True
3644507344210,238210,0.9900918,Unknown,5614,Unknown,True
4747179550320,238210,0.9900918,Unknown,5614,Unknown,True
9518839070296,238210,0.9900918,Unknown,5614,Unknown,True
4592589246491,238210,0.9900918,Unknown,5614,Unknown,True
1993899196133,238210,0.9900918,Unknown,5614,Unknown,True
8907714874788,238210,0.9900918,Unknown,5614,Unknown,True
5770951272614,238210,0.9900918,Unknown,5614,Unknown,True
7288005928615,238210,0.9900918,Unknown,5614,Unknown,True
5423997970419,238210,0.9900918,Unknown,5614,Unknown,True
7430386731614,238210,0.9900918,Unknown,5614,Unknown,True
4086785762696,238210,0.9900918,Unknown,5614,Unknown,True
7022352476254,238210,0.9900918,Unknown,5614,Unknown,True
2630156644586,238210,0.9900918,Unknown,5614,Unknown,True
3021837749206,238210,0.9900918,Unknown,5614,Unknown,True
4097728489354,238210,0.9900918,Unknown,5614,Unknown,True
6343447472001,238210,0.9900918,Unknown,5614,Unknown,True
7214540701828,238210,0.9900918,Unknown,5614,Unknown,True
9635862893621,238210,0.9900918,Unknown,5614,Unknown,True
3467932394909,238210,0.9900918,Unknown,5614,Unknown,True
6859350994401,238210,0.9900918,Unknown,5614,Unknown,True
4339833307704,238210,0.9900918,Unknown,5614,Unknown,True
1558495443275,238210,0.9900918,Unknown,5614,Unknown,True
9890382735322,238210,0.9900918,Unknown,5614,Unknown,True
2614573568869,238210,0.9900918,Unknown,5614,Unknown,True
5719180686921,238210,0.9900918,Unknown,5614,Unknown,True
3139586895757,238210,0.9900918,Unknown,5614,Unknown,True
8492949822376,238210,0.9900918,Unknown,5614,Unknown,True
2978094330792,238210,0.9900918,Unknown,5614,Unknown,True
8751227819490,238210,0.9900918,Unknown,5614,Unknown,True
5173201080720,238210,0.9900918,Unknown,5614,Unknown,True
2329905564502,238210,0.9900918,Unknown,5614,Unknown,True
3337599612044,238210,0.9900918,Unknown,5614,Unknown,True
5627507465728,238210,0.9900918,Unknown,5614,Unknown,True
4067840590988,238210,0.9900918,Unknown,5614,Unknown,True
5941802513060,238210,0.9900918,Unknown,5614,Unknown,True
1048114026907,238210,0.9900918,Unknown,5614,Unknown,True
7694958144783,238210,0.9900918,Unknown,5614,Unknown,True
7462084706002,238210,0.9900918,Unknown,5614,Unknown,True
8626816063668,238210,0.9900918,Unknown,5614,Unknown,True
1833244950581,238210,0.9900918,Unknown,5614,Unknown,True
4553811330438,238210,0.9900918,Unknown,5614,Unknown,True
5071581693827,238210,0.9900918,Unknown,5614,Unknown,True
8266724882132,238210,0.9900918,Unknown,5614,Unknown,True
1976442375495,238210,0.9900918,Unknown,5614,Unknown,True
2711002754163,238210,0.9900918,Unknown,5614,Unknown,True
9968320561007,238210,0.9900918,Unknown,5614,Unknown,True
3348917976520,238210,0.9900918,Unknown,5614,Unknown,True
1421993848247,238210,0.9900918,Unknown,5614,Unknown,True
7186209016518,238210,0.9900918,Unknown,5614,Unknown,True
9807955728845,238210,0.9900918,Unknown,5614,Unknown,True
8311134718411,238210,0.9900918,Unknown,5614,Unknown,True
7548064486593,238210,0.9900918,Unknown,5614,Unknown,True
9645112295144,238210,0.9900918,Unknown,5614,Unknown,True
7740817095323,238210,0.9900918,Unknown,5614,Unknown,True
7917732680657,238210,0.9900918,Unknown,5614,Unknown,True
7632475404311,238210,0.9900918,Unknown,5614,Unknown,True
5149215730846,238210,0.9900918,Unknown,5614,Unknown,True
4310908858174,238210,0.9900918,Unknown,5614,Unknown,True
7134637189090,238210,0.9900918,Unknown,5614,Unknown,True
7085436141491,238210,0.9900918,Unknown,5614,Unknown,True
3542328337185,238210,0.9900918,Unknown,5614,Unknown,True
2437844861708,238210,0.9900918,Unknown,5614,Unknown,True
1697403433363,238210,0.9900918,Unknown,5614,Unknown,True
3575137249835,238210,0.9900918,Unknown,5614,Unknown,True
7190694140338,238210,0.9900918,Unknown,5614,Unknown,True
5419710408884,238210,0.9900918,Unknown,5614,Unknown,True
7298852227478,238210,0.9900918,Unknown,5614,Unknown,True
1940229663265,238210,0.9900918,Unknown,5614,Unknown,True
3284095098562,238210,0.9900918,Unknown,5614,Unknown,True
3711024944455,238210,0.9900918,Unknown,5614,Unknown,True
2888034525834,238210,0.9900918,Unknown,5614,Unknown,True
7789515430537,238210,0.9900918,Unknown,5614,Unknown,True
5138472209353,238210,0.9900918,Unknown,5614,Unknown,True
1904315121596,238210,0.9900918,Unknown,5614,Unknown,True
5445481048360,238210,0.9900918,Unknown,5614,Unknown,True
4347294329868,238210,0.9900918,Unknown,5614,Unknown,True
8855381244054,238210,0.9900918,Unknown,5614,Unknown,True
1971398758738,238210,0.9900918,Unknown,5614,Unknown,True
8418389294778,238210,0.9900918,Unknown,5614,Unknown,True
3566529621586,238210,0.9900918,Unknown,5614,Unknown,True
6775561152694,238210,0.9900918,Unknown,5614,Unknown,True
8672230876579,238210,0.9900918,Unknown,5614,Unknown,True
8915801949940,238210,0.9900918,Unknown,5614,Unknown,True
2979791061888,238210,0.9900918,Unknown,5614,Unknown,True
9771305074181,238210,0.9900918,Unknown,5614,Unknown,True
9730630411611,238210,0.9900918,Unknown,5614,Unknown,True
7277564307607,238210,0.9900918,Unknown,5614,Unknown,True
5529136030173,238210,0.9900918,Unknown,5614,Unknown,True
3280837047047,238210,0.9900918,Unknown,5614,Unknown,True
6475470765001,238210,0.9900918,Unknown,5614,Unknown,True
6724613025999,238210,0.9900918,Unknown,5614,Unknown,True
4943803115309,238210,0.9900918,Unknown,5614,Unknown,True
4156353340571,238210,0.9900918,Unknown,5614,Unknown,True
4617807528967,238210,0.9900918,Unknown,5614,Unknown,True
8404094756680,238210,0.9900918,Unknown,5614,Unknown,True
2147693750120,238210,0.9900918,Unknown,5614,Unknown,True
5893353907292,238210,0.9900918,Unknown,5614,Unknown,True
5553431972859,238210,0.9900918,Unknown,5614,Unknown,True
1093272288082,238210,0.9900918,Unknown,5614,Unknown,True
3455294414495,238210,0.9900918,Unknown,5614,Unknown,True
1032768839800,238210,0.9900918,Unknown,5614,Unknown,True
4879172853078,238210,0.9900918,Unknown,5614,Unknown,True
4183152321703,238210,0.9900918,Unknown,5614,Unknown,True
2052291044529,238210,0.9900918,Unknown,5614,Unknown,True
4218883742989,238210,0.9900918,Unknown,5614,Unknown,True
3449173533119,238210,0.9900918,Unknown,5614,Unknown,True
6764046297284,238210,0.9900918,Unknown,5614,Unknown,True
8698769853071,238210,0.9900918,Unknown,5614,Unknown,True
4662532688908,238210,0.9900918,Unknown,5614,Unknown,True
6500971590976,238210,0.9900918,Unknown,5614,Unknown,True
9826453080796,238210,0.9900918,Unknown,5614,Unknown,True
7635159095899,238210,0.9900918,Unknown,5614,Unknown,True
1286730119683,238210,0.9900918,Unknown,5614,Unknown,True
2082927623799,238210,0.9900918,Unknown,5614,Unknown,True
7446048326147,238210,0.9900918,Unknown,5614,Unknown,True
5049109235595,238210,0.9900918,Unknown,5614,Unknown,True
1202169203160,238210,0.9900918,Unknown,5614,Unknown,True
8550419228198,238210,0.9900918,Unknown,5614,Unknown,True
7403954480495,238210,0.9900918,Unknown,5614,Unknown,True
9823477941192,238210,0.9900918,Unknown,5614,Unknown,True
8306465788274,238210,0.9900918,Unknown,5614,Unknown,True
3371799328937,238210,0.9900918,Unknown,5614,Unknown,True
9854276846725,238210,0.9900918,Unknown,5614,Unknown,True
5503851740878,238210,0.9900918,Unknown,5614,Unknown,True
4287458290379,238210,0.9900918,Unknown,5614,Unknown,True
5793810330835,238210,0.9900918,Unknown,5614,Unknown,True
9534491469021,238210,0.9900918,Unknown,5614,Unknown,True
4876448302111,238210,0.9900918,Unknown,5614,Unknown,True
4992590534344,238210,0.9900918,Unknown,5614,Unknown,True
8570948025552,238210,0.9900918,Unknown,5614,Unknown,True
3591335165324,238210,0.9900918,Unknown,5614,Unknown,True
6886537869587,238210,0.9900918,Unknown,5614,Unknown,True
3531667635829,238210,0.9900918,Unknown,5614,Unknown,True
8732226487062,238210,0.9900918,Unknown,5614,Unknown,True
9143947421843,238210,0.9900918,Unknown,5614,Unknown,True
6688747462308,238210,0.9900918,Unknown,5614,Unknown,True
3835750806280,238210,0.9900918,Unknown,5614,Unknown,True
5922015954394,238210,0.9900918,Unknown,5614,Unknown,True
8334338701695,238210,0.9900918,Unknown,5614,Unknown,True
4141772878775,238210,0.9900918,Unknown,5614,Unknown,True
8180238252587,238210,0.9900918,Unknown,5614,Unknown,True
4228587194276,238210,0.9900918,Unknown,5614,Unknown,True
6053190037474,238210,0.9900918,Unknown,5614,Unknown,True
2338256483647,238210,0.9900918,Unknown,5614,Unknown,True
3720755685916,238210,0.9900918,Unknown,5614,Unknown,True
2071529325375,238210,0.9900918,Unknown,5614,Unknown,True
1030832156413,238210,0.9900918,Unknown,5614,Unknown,True
5479096990672,238210,0.9900918,Unknown,5614,Unknown,True
8795066241775,238210,0.9900918,Unknown,5614,Unknown,True
4829601234970,238210,0.9900918,Unknown,5614,Unknown,True
2316795049321,238210,0.9900918,Unknown,5614,Unknown,True
8930770638914,238210,0.9900918,Unknown,5614,Unknown,True
3450981345549,238210,0.9900918,Unknown,5614,Unknown,True
7962141082595,238210,0.9900918,Unknown,5614,Unknown,True
3853453179041,238210,0.9900918,Unknown,5614,Unknown,True
6825736957876,238210,0.9900918,Unknown,5614,Unknown,True
6337230758596,238210,0.9900918,Unknown,5614,Unknown,True
9066937485781,238210,0.9900918,Unknown,5614,Unknown,True
1952133596398,238210,0.9900918,Unknown,5614,Unknown,True
6522222128139,238210,0.9900918,Unknown,5614,Unknown,True
2385480504602,238210,0.9900918,Unknown,5614,Unknown,True
9741538684945,238210,0.9900918,Unknown,5614,Unknown,True
3751396830363,238210,0.9900918,Unknown,5614,Unknown,True
1459629397255,238210,0.9900918,Unknown,5614,Unknown,True
9508959769704,238210,0.9900918,Unknown,5614,Unknown,True
5157367307597,238210,0.9900918,Unknown,5614,Unknown,True
9931198380528,238210,0.9900918,Unknown,5614,Unknown,True
2451517113129,238210,0.9900918,Unknown,5614,Unknown,True
3468402885111,238210,0.9900918,Unknown,5614,Unknown,True
6543493927242,238210,0.9900918,Unknown,5614,Unknown,True
6109725065814,238210,0.9900918,Unknown,5614,Unknown,True
1312054501994,238210,0.9900918,Unknown,5614,Unknown,True
3735160256227,238210,0.9900918,Unknown,5614,Unknown,True
2618097957811,238210,0.9900918,Unknown,5614,Unknown,True
6049571608114,238210,0.9900918,Unknown,5614,Unknown,True
9129138261056,238210,0.9900918,Unknown,5614,Unknown,True
1055586354495,238210,0.9900918,Unknown,5614,Unknown,True
8533799346557,238210,0.9900918,Unknown,5614,Unknown,True
2713985186571,238210,0.9900918,Unknown,5614,Unknown,True
6179650165607,238210,0.9900918,Unknown,5614,Unknown,True
4365706573927,238210,0.9900918,Unknown,5614,Unknown,True
5505572787961,238210,0.9900918,Unknown,5614,Unknown,True
1133197857974,238210,0.9900918,Unknown,5614,Unknown,True
3176187014988,238210,0.9900918,Unknown,5614,Unknown,True
7429650134660,238210,0.9900918,Unknown,5614,Unknown,True
7558396641054,238210,0.9900918,Unknown,5614,Unknown,True
2357093632015,238210,0.9900918,Unknown,5614,Unknown,True
3677212081613,238210,0.9900918,Unknown,5614,Unknown,True
2549152433626,238210,0.9900918,Unknown,5614,Unknown,True
5754978351823,238210,0.9900918,Unknown,5614,Unknown,True
3105111423461,238210,0.9900918,Unknown,5614,Unknown,True
7300159928996,238210,0.9900918,Unknown,5614,Unknown,True
5138358848779,238210,0.9900918,Unknown,5614,Unknown,True
6890281996964,238210,0.9900918,Unknown,5614,Unknown,True
7765661005321,238210,0.9900918,Unknown,5614,Unknown,True
3378656136504,238210,0.9900918,Unknown,5614,Unknown,True
1100319393125,238210,0.9900918,Unknown,5614,Unknown,True
3979872391006,238210,0.9900918,Unknown,5614,Unknown,True
3707602757359,238210,0.9900918,Unknown,5614,Unknown,True
7917250353727,238210,0.9900918,Unknown,5614,Unknown,True
1896866931795,238210,0.9900918,Unknown,5614,Unknown,True
8940106716370,238210,0.9900918,Unknown,5614,Unknown,True
7606458748127,238210,0.9900918,Unknown,5614,Unknown,True
4599264043959,238210,0.9900918,Unknown,5614,Unknown,True
3521333028557,238210,0.9900918,Unknown,5614,Unknown,True
1038006733351,238210,0.9900918,Unknown,5614,Unknown,True
6320747505779,238210,0.9900918,Unknown,5614,Unknown,True
6809033809929,238210,0.9900918,Unknown,5614,Unknown,True
9656517043228,238210,0.9900918,Unknown,5614,Unknown,True
1667668600094,238210,0.9900918,Unknown,5614,Unknown,True
8868796755778,238210,0.9900918,Unknown,5614,Unknown,True
3781628821250,238210,0.9900918,Unknown,5614,Unknown,True
1342398212566,238210,0.9900918,Unknown,5614,Unknown,True
2129450307641,238210,0.9900918,Unknown,5614,Unknown,True
1872408150349,238210,0.9900918,Unknown,5614,Unknown,True
8423742908751,238210,0.9900918,Unknown,5614,Unknown,True
2339178698664,238210,0.9900918,Unknown,5614,Unknown,True
3511000694893,238210,0.9900918,Unknown,5614,Unknown,True
5768263350084,238210,0.9900918,Unknown,5614,Unknown,True
2654392779079,238210,0.9900918,Unknown,5614,Unknown,True
5982547617983,238210,0.9900918,Unknown,5614,Unknown,True
4191062097429,238210,0.9900918,Unknown,5614,Unknown,True
7292602240596,238210,0.9900918,Unknown,5614,Unknown,True
5695755087801,238210,0.9900918,Unknown,5614,Unknown,True
2112500681100,238210,0.9900918,Unknown,5614,Unknown,True
9541672407227,238210,0.9900918,Unknown,5614,Unknown,True
1874618807707,238210,0.9900918,Unknown,5614,Unknown,True
3634818616269,238210,0.9900918,Unknown,5614,Unknown,True
5848463599354,238210,0.9900918,Unknown,5614,Unknown,True
4300110884868,238210,0.9900918,Unknown,5614,Unknown,True
1678851453543,238210,0.9900918,Unknown,5614,Unknown,True
2925209797053,238210,0.9900918,Unknown,5614,Unknown,True
7642496225447,238210,0.9900918,Unknown,5614,Unknown,True
9199560102349,238210,0.9900918,Unknown,5614,Unknown,True
8301965800029,238210,0.9900918,Unknown,5614,Unknown,True
6144612414624,238210,0.9900918,Unknown,5614,Unknown,True
4220298978525,238210,0.9900918,Unknown,5614,Unknown,True
9927507967653,238210,0.9900918,Unknown,5614,Unknown,True
2965759919907,238210,0.9900918,Unknown,5614,Unknown,True
8211020068396,238210,0.9900918,Unknown,5614,Unknown,True
8760690556476,238210,0.9900918,Unknown,5614,Unknown,True
5947697991233,238210,0.9900918,Unknown,5614,Unknown,True
6191044261030,238210,0.9900918,Unknown,5614,Unknown,True
2825371668900,238210,0.9900918,Unknown,5614,Unknown,True
9306909471941,238210,0.9900918,Unknown,5614,Unknown,True
1830493080288,238210,0.9900918,Unknown,5614,Unknown,True
6799976158987,238210,0.9900918,Unknown,5614,Unknown,True
1891354478942,238210,0.9900918,Unknown,5614,Unknown,True
6073643337347,238210,0.9900918,Unknown,5614,Unknown,True
8479533076952,238210,0.9900918,Unknown,5614,Unknown,True
3186673541922,238210,0.9900918,Unknown,5614,Unknown,True
9862276870791,238210,0.9900918,Unknown,5614,Unknown,True
4771396706075,238210,0.9900918,Unknown,5614,Unknown,True
5292894750606,238210,0.9900918,Unknown,5614,Unknown,True
1630599131255,238210,0.9900918,Unknown,5614,Unknown,True
4884874648164,238210,0.9900918,Unknown,5614,Unknown,True
7447349279956,238210,0.9900918,Unknown,5614,Unknown,True
2283946516165,238210,0.9900918,Unknown,5614,Unknown,True
5288662220103,238210,0.9900918,Unknown,5614,Unknown,True
4811378641496,238210,0.9900918,Unknown,5614,Unknown,True
6128875216502,238210,0.9900918,Unknown,5614,Unknown,True
2966982039533,238210,0.9900918,Unknown,5614,Unknown,True
9454120887907,238210,0.9900918,Unknown,5614,Unknown,True
1780632271710,238210,0.9900918,Unknown,5614,Unknown,True
9312525320072,238210,0.9900918,Unknown,5614,Unknown,True
9719089304661,238210,0.9900918,Unknown,5614,Unknown,True
3816798937138,238210,0.9900918,Unknown,5614,Unknown,True
2479004950635,238210,0.9900918,Unknown,5614,Unknown,True
1940507902047,238210,0.9900918,Unknown,5614,Unknown,True
4925240192875,238210,0.9900918,Unknown,5614,Unknown,True
8799460316249,238210,0.9900918,Unknown,5614,Unknown,True
9189457892202,238210,0.9900918,Unknown,5614,Unknown,True
6502768104603,238210,0.9900918,Unknown,5614,Unknown,True
3869529313058,238210,0.9900918,Unknown,5614,Unknown,True
9716317657032,238210,0.9900918,Unknown,5614,Unknown,True
8357301231269,238210,0.9900918,Unknown,5614,Unknown,True
2697403980855,238210,0.9900918,Unknown,5614,Unknown,True
6224511128859,238210,0.9900918,Unknown,5614,Unknown,True
3475014963758,238210,0.9900918,Unknown,5614,Unknown,True
5804346713610,238210,0.9900918,Unknown,5614,Unknown,True
7959578398131,238210,0.9900918,Unknown,5614,Unknown,True
7025090896589,238210,0.9900918,Unknown,5614,Unknown,True
3554947719376,238210,0.9900918,Unknown,5614,Unknown,True
6615937111606,238210,0.9900918,Unknown,5614,Unknown,True
5056661032075,238210,0.9900918,Unknown,5614,Unknown,True
1581824979278,238210,0.9900918,Unknown,5614,Unknown,True
7004317571237,238210,0.9900918,Unknown,5614,Unknown,True
8750094343726,238210,0.9900918,Unknown,5614,Unknown,True
9839193918731,238210,0.9900918,Unknown,5614,Unknown,True
9658986490118,238210,0.9900918,Unknown,5614,Unknown,True
3113022267843,238210,0.9900918,Unknown,5614,Unknown,True
8831088067581,238210,0.9900918,Unknown,5614,Unknown,True
3283416599142,238210,0.9900918,Unknown,5614,Unknown,True
9900303901728,238210,0.9900918,Unknown,5614,Unknown,True
2284260776343,238210,0.9900918,Unknown,5614,Unknown,True
6219980579759,238210,0.9900918,Unknown,5614,Unknown,True
1424622671481,238210,0.9900918,Unknown,5614,Unknown,True
6888059809440,238210,0.9900918,Unknown,5614,Unknown,True
8555840990211,238210,0.9900918,Unknown,5614,Unknown,True
7516215725382,238210,0.9900918,Unknown,5614,Unknown,True
2962672695731,238210,0.9900918,Unknown,5614,Unknown,True
7260457983604,238210,0.9900918,Unknown,5614,Unknown,True
8849423550925,238210,0.9900918,Unknown,5614,Unknown,True
3038678960231,238210,0.9900918,Unknown,5614,Unknown,True
5786725874698,238210,0.9900918,Unknown,5614,Unknown,True
4804005263938,238210,0.9900918,Unknown,5614,Unknown,True
5076887151272,238210,0.9900918,Unknown,5614,Unknown,True
8612554753605,238210,0.9900918,Unknown,5614,Unknown,True
1802561734527,238210,0.9900918,Unknown,5614,Unknown,True
9441279954345,238210,0.9900918,Unknown,5614,Unknown,True
7940205874680,238210,0.9900918,Unknown,5614,Unknown,True
6424199950705,238210,0.9900918,Unknown,5614,Unknown,True
4021908624171,238210,0.9900918,Unknown,5614,Unknown,True
6224774992495,238210,0.9900918,Unknown,5614,Unknown,True
9146212043139,238210,0.9900918,Unknown,5614,Unknown,True
9214343571564,238210,0.9900918,Unknown,5614,Unknown,True
8315669899108,238210,0.9900918,Unknown,5614,Unknown,True
6033680096821,238210,0.9900918,Unknown,5614,Unknown,True
7294218550644,238210,0.9900918,Unknown,5614,Unknown,True
6099877731193,238210,0.9900918,Unknown,5614,Unknown,True
1468075417379,238210,0.9900918,Unknown,5614,Unknown,True
5817205449192,238210,0.9900918,Unknown,5614,Unknown,True
5926399346890,238210,0.9900918,Unknown,5614,Unknown,True
7660533997739,238210,0.9900918,Unknown,5614,Unknown,True
6954312755849,238210,0.9900918,Unknown,5614,Unknown,True
2097791751083,238210,0.9900918,Unknown,5614,Unknown,True
7563872389498,238210,0.9900918,Unknown,5614,Unknown,True
2086875239751,238210,0.9900918,Unknown,5614,Unknown,True
5350457302631,238210,0.9900918,Unknown,5614,Unknown,True
9463676324063,238210,0.9900918,Unknown,5614,Unknown,True
3817246983425,238210,0.9900918,Unknown,5614,Unknown,True
9020911245043,238210,0.9900918,Unknown,5614,Unknown,True
9997777006333,238210,0.9900918,Unknown,5614,Unknown,True
7430227049740,238210,0.9900918,Unknown,5614,Unknown,True
9752502590022,238210,0.9900918,Unknown,5614,Unknown,True
9136447189318,238210,0.9900918,Unknown,5614,Unknown,True
1314047746741,238210,0.9900918,Unknown,5614,Unknown,True
4924924675607,238210,0.9900918,Unknown,5614,Unknown,True
3269708725250,238210,0.9900918,Unknown,5614,Unknown,True
3176046952820,238210,0.9900918,Unknown,5614,Unknown,True
8324447320803,238210,0.9900918,Unknown,5614,Unknown,True
1316261754674,238210,0.9900918,Unknown,5614,Unknown,True
3818920246466,238210,0.9900918,Unknown,5614,Unknown,True
6848630397142,238210,0.9900918,Unknown,5614,Unknown,True
6938635882457,238210,0.9900918,Unknown,5614,Unknown,True
9846953293004,238210,0.9900918,Unknown,5614,Unknown,True
9302880907481,238210,0.9900918,Unknown,5614,Unknown,True
3021581750210,238210,0.9900918,Unknown,5614,Unknown,True
8485853580025,238210,0.9900918,Unknown,5614,Unknown,True
6457197321699,238210,0.9900918,Unknown,5614,Unknown,True
1801128631704,238210,0.9900918,Unknown,5614,Unknown,True
7650627522558,238210,0.9900918,Unknown,5614,Unknown,True
3917003699313,238210,0.9900918,Unknown,5614,Unknown,True
9950198205425,238210,0.9900918,Unknown,5614,Unknown,True
7334564930504,238210,0.9900918,Unknown,5614,Unknown,True
1438809065347,238210,0.9900918,Unknown,5614,Unknown,True
5232940989785,238210,0.9900918,Unknown,5614,Unknown,True
8021409167321,238210,0.9900918,Unknown,5614,Unknown,True
6786972670285,238210,0.9900918,Unknown,5614,Unknown,True
9520099078834,238210,0.9900918,Unknown,5614,Unknown,True
9492562190543,238210,0.9900918,Unknown,5614,Unknown,True
6231518583565,238210,0.9900918,Unknown,5614,Unknown,True
6217355038675,238210,0.9900918,Unknown,5614,Unknown,True
7451443007175,238210,0.9900918,Unknown,5614,Unknown,True
9046060894155,238210,0.9900918,Unknown,5614,Unknown,True
8654289948070,238210,0.9900918,Unknown,5614,Unknown,True
9356289937076,238210,0.9900918,Unknown,5614,Unknown,True
2148275728594,238210,0.9900918,Unknown,5614,Unknown,True
2567596585224,238210,0.9900918,Unknown,5614,Unknown,True
1797767631644,238210,0.9900918,Unknown,5614,Unknown,True
7464945335144,238210,0.9900918,Unknown,5614,Unknown,True
6622811695426,238210,0.9900918,Unknown,5614,Unknown,True
7192014362655,238210,0.9900918,Unknown,5614,Unknown,True
7171419774759,238210,0.9900918,Unknown,5614,Unknown,True
7415444113427,238210,0.9900918,Unknown,5614,Unknown,True
5788305246999,238210,0.9900918,Unknown,5614,Unknown,True
4249065169005,238210,0.9900918,Unknown,5614,Unknown,True
2993709332784,238210,0.9900918,Unknown,5614,Unknown,True
7557926180270,238210,0.9900918,Unknown,5614,Unknown,True
4717226945208,238210,0.9900918,Unknown,5614,Unknown,True
5153907884121,238210,0.9900918,Unknown,5614,Unknown,True
9663451153965,238210,0.9900918,Unknown,5614,Unknown,True
8470529210003,238210,0.9900918,Unknown,5614,Unknown,True
9650503940348,238210,0.9900918,Unknown,5614,Unknown,True
2607820234083,238210,0.9900918,Unknown,5614,Unknown,True
1525991477459,238210,0.9900918,Unknown,5614,Unknown,True
5446267833933,238210,0.9900918,Unknown,5614,Unknown,True
3266083009546,238210,0.9900918,Unknown,5614,Unknown,True
8645426514382,238210,0.9900918,Unknown,5614,Unknown,True
9673571645354,238210,0.9900918,Unknown,5614,Unknown,True
3299483264099,238210,0.9900918,Unknown,5614,Unknown,True
3962574583820,238210,0.9900918,Unknown,5614,Unknown,True
5197597981913,238210,0.9900918,Unknown,5614,Unknown,True
4440305022989,238210,0.9900918,Unknown,5614,Unknown,True
6410477676095,238210,0.9900918,Unknown,5614,Unknown,True
4174164559668,238210,0.9900918,Unknown,5614,Unknown,True
8769330768740,238210,0.9900918,Unknown,5614,Unknown,True
7653908013200,238210,0.9900918,Unknown,5614,Unknown,True
9208630494429,238210,0.9900918,Unknown,5614,Unknown,True
2070750023375,238210,0.9900918,Unknown,5614,Unknown,True
2476186348575,238210,0.9900918,Unknown,5614,Unknown,True
8626165990716,238210,0.9900918,Unknown,5614,Unknown,True
5926078982619,238210,0.9900918,Unknown,5614,Unknown,True
5104470341908,238210,0.9900918,Unknown,5614,Unknown,True
8086345816214,238210,0.9900918,Unknown,5614,Unknown,True
9650752557781,238210,0.9900918,Unknown,5614,Unknown,True
6767694874342,238210,0.9900918,Unknown,5614,Unknown,True
3582857676138,238210,0.9900918,Unknown,5614,Unknown,True
7108096194407,238210,0.9900918,Unknown,5614,Unknown,True
3726435180099,238210,0.9900918,Unknown,5614,Unknown,True
8352798156924,238210,0.9900918,Unknown,5614,Unknown,True
5365562117573,238210,0.9900918,Unknown,5614,Unknown,True
6848112383737,238210,0.9900918,Unknown,5614,Unknown,True
2172583493163,238210,0.9900918,Unknown,5614,Unknown,True
5999796242240,238210,0.9900918,Unknown,5614,Unknown,True
9177576010500,238210,0.9900918,Unknown,5614,Unknown,True
9533846884752,238210,0.9900918,Unknown,5614,Unknown,True
6646941111733,238210,0.9900918,Unknown,5614,Unknown,True
9881717761142,238210,0.9900918,Unknown,5614,Unknown,True
9393405547767,238210,0.9900918,Unknown,5614,Unknown,True
4281263090621,238210,0.9900918,Unknown,5614,Unknown,True
2817262797620,238210,0.9900918,Unknown,5614,Unknown,True
1711534988324,238210,0.9900918,Unknown,5614,Unknown,True
7976390884728,238210,0.9900918,Unknown,5614,Unknown,True
9848215516994,238210,0.9900918,Unknown,5614,Unknown,True
5683152812300,238210,0.9900918,Unknown,5614,Unknown,True
6016356969984,238210,0.9900918,Unknown,5614,Unknown,True
8116366659694,238210,0.9900918,Unknown,5614,Unknown,True
4460429415630,238210,0.9900918,Unknown,5614,Unknown,True
8706322334662,238210,0.9900918,Unknown,5614,Unknown,True
9035722278108,238210,0.9900918,Unknown,5614,Unknown,True
4172054215669,238210,0.9900918,Unknown,5614,Unknown,True
5873124859264,238210,0.9900918,Unknown,5614,Unknown,True
2716846854738,238210,0.9900918,Unknown,5614,Unknown,True
3602506192836,238210,0.9900918,Unknown,5614,Unknown,True
5665606798522,238210,0.9900918,Unknown,5614,Unknown,True
2556756200136,238210,0.9900918,Unknown,5614,Unknown,True
4887351251843,238210,0.9900918,Unknown,5614,Unknown,True
8158368852102,238210,0.9900918,Unknown,5614,Unknown,True
8863709380661,238210,0.9900918,Unknown,5614,Unknown,True
6945561342231,238210,0.9900918,Unknown,5614,Unknown,True
3432816370141,238210,0.9900918,Unknown,5614,Unknown,True
3275717855629,238210,0.9900918,Unknown,5614,Unknown,True
7093344548886,238210,0.9900918,Unknown,5614,Unknown,True
5310266088637,238210,0.9900918,Unknown,5614,Unknown,True
5332389201647,238210,0.9900918,Unknown,5614,Unknown,True
1603214244405,238210,0.9900918,Unknown,5614,Unknown,True
5722899390210,238210,0.9900918,Unknown,5614,Unknown,True
9389734037259,238210,0.9900918,Unknown,5614,Unknown,True
9077382727988,238210,0.9900918,Unknown,5614,Unknown,True
4522355602998,238210,0.9900918,Unknown,5614,Unknown,True
9833657431232,238210,0.9900918,Unknown,5614,Unknown,True
3773450881406,238210,0.9900918,Unknown,5614,Unknown,True
2570800511858,238210,0.9900918,Unknown,5614,Unknown,True
7319010296697,238210,0.9900918,Unknown,5614,Unknown,True
3645453451661,238210,0.9900918,Unknown,5614,Unknown,True
5913641318345,238210,0.9900918,Unknown,5614,Unknown,True
4440637736653,238210,0.9900918,Unknown,5614,Unknown,True
5186702702837,238210,0.9900918,Unknown,5614,Unknown,True
2176657988353,238210,0.9900918,Unknown,5614,Unknown,True
1054102256286,238210,0.9900918,Unknown,5614,Unknown,True
3754399947586,238210,0.9900918,Unknown,5614,Unknown,True
7587766579380,238210,0.9900918,Unknown,5614,Unknown,True
8532216624992,238210,0.9900918,Unknown,5614,Unknown,True
7004532811576,238210,0.9900918,Unknown,5614,Unknown,True
1272092557893,238210,0.9900918,Unknown,5614,Unknown,True
3825193348210,238210,0.9900918,Unknown,5614,Unknown,True
9044157766031,238210,0.9900918,Unknown,5614,Unknown,True
5776825569477,238210,0.9900918,Unknown,5614,Unknown,True
4670061100013,238210,0.9900918,Unknown,5614,Unknown,True
3060747397278,238210,0.9900918,Unknown,5614,Unknown,True
1714356467440,238210,0.9900918,Unknown,5614,Unknown,True
4046657419946,238210,0.9900918,Unknown,5614,Unknown,True
4054083786015,238210,0.9900918,Unknown,5614,Unknown,True
9419050612693,238210,0.9900918,Unknown,5614,Unknown,True
3778441408558,238210,0.9900918,Unknown,5614,Unknown,True
8855551711860,238210,0.9900918,Unknown,5614,Unknown,True
4959587523929,238210,0.9900918,Unknown,5614,Unknown,True
6786816806471,238210,0.9900918,Unknown,5614,Unknown,True
8049219205446,238210,0.9900918,Unknown,5614,Unknown,True
5442527741861,238210,0.9900918,Unknown,5614,Unknown,True
4764886691603,238210,0.9900918,Unknown,5614,Unknown,True
4025723559505,238210,0.9900918,Unknown,5614,Unknown,True
1754548488281,238210,0.9900918,Unknown,5614,Unknown,True
3434233900324,238210,0.9900918,Unknown,5614,Unknown,True
1883224737377,238210,0.9900918,Unknown,5614,Unknown,True
1151693911840,238210,0.9900918,Unknown,5614,Unknown,True
8748723739751,238210,0.9900918,Unknown,5614,Unknown,True
9536659660264,238210,0.9900918,Unknown,5614,Unknown,True
3464516508551,238210,0.9900918,Unknown,5614,Unknown,True
9885406529838,238210,0.9900918,Unknown,5614,Unknown,True
2002079749289,238210,0.9900918,Unknown,5614,Unknown,True
9912876060533,238210,0.9900918,Unknown,5614,Unknown,True
4888359577384,238210,0.9900918,Unknown,5614,Unknown,True
8670131171528,238210,0.9900918,Unknown,5614,Unknown,True
9093104023813,238210,0.9900918,Unknown,5614,Unknown,True
3997393836378,238210,0.9900918,Unknown,5614,Unknown,True
8075789169192,238210,0.9900918,Unknown,5614,Unknown,True
7055464387809,238210,0.9900918,Unknown,5614,Unknown,True
5553083260896,238210,0.9900918,Unknown,5614,Unknown,True
1765165823840,238210,0.9900918,Unknown,5614,Unknown,True
9102655022962,238210,0.9900918,Unknown,5614,Unknown,True
6501084358664,238210,0.9900918,Unknown,5614,Unknown,True
3115344758620,238210,0.9900918,Unknown,5614,Unknown,True
7261758270071,238210,0.9900918,Unknown,5614,Unknown,True
5607271137491,238210,0.9900918,Unknown,5614,Unknown,True
5751117793232,238210,0.9900918,Unknown,5614,Unknown,True
6204940968363,238210,0.9900918,Unknown,5614,Unknown,True
5054898311241,238210,0.9900918,Unknown,5614,Unknown,True
3730921228331,238210,0.9900918,Unknown,5614,Unknown,True
2735387603108,238210,0.9900918,Unknown,5614,Unknown,True
5690379783146,238210,0.9900918,Unknown,5614,Unknown,True
2489563952839,238210,0.9900918,Unknown,5614,Unknown,True
3030984240642,238210,0.9900918,Unknown,5614,Unknown,True
6072523112849,238210,0.9900918,Unknown,5614,Unknown,True
6546397902325,238210,0.9900918,Unknown,5614,Unknown,True
9885374237918,238210,0.9900918,Unknown,5614,Unknown,True
3220332479582,238210,0.9900918,Unknown,5614,Unknown,True
5790679259074,238210,0.9900918,Unknown,5614,Unknown,True
2869212526433,238210,0.9900918,Unknown,5614,Unknown,True
5055045200517,238210,0.9900918,Unknown,5614,Unknown,True
9085882778475,238210,0.9900918,Unknown,5614,Unknown,True
4027324952089,238210,0.9900918,Unknown,5614,Unknown,True
7373994568389,238210,0.9900918,Unknown,5614,Unknown,True
6116961025467,238210,0.9900918,Unknown,5614,Unknown,True
5510494254105,238210,0.9900918,Unknown,5614,Unknown,True
5934687254703,238210,0.9900918,Unknown,5614,Unknown,True
2570348132202,238210,0.9900918,Unknown,5614,Unknown,True
3969631504381,238210,0.9900918,Unknown,5614,Unknown,True
2156972867646,238210,0.9900918,Unknown,5614,Unknown,True
5385658345956,238210,0.9900918,Unknown,5614,Unknown,True
1809147086494,238210,0.9900918,Unknown,5614,Unknown,True
1801099468969,238210,0.9900918,Unknown,5614,Unknown,True
2006954382248,238210,0.9900918,Unknown,5614,Unknown,True
7172680251610,238210,0.9900918,Unknown,5614,Unknown,True
5590301476754,238210,0.9900918,Unknown,5614,Unknown,True
1352147335267,238210,0.9900918,Unknown,5614,Unknown,True
9072339401255,238210,0.9900918,Unknown,5614,Unknown,True
8954668489940,238210,0.9900918,Unknown,5614,Unknown,True
8293727848334,238210,0.9900918,Unknown,5614,Unknown,True
5883189558260,238210,0.9900918,Unknown,5614,Unknown,True
5344357803117,238210,0.9900918,Unknown,5614,Unknown,True
8377654443540,238210,0.9900918,Unknown,5614,Unknown,True
4166530928135,238210,0.9900918,Unknown,5614,Unknown,True
1895600706442,238210,0.9900918,Unknown,5614,Unknown,True
3308910331623,238210,0.9900918,Unknown,5614,Unknown,True
2912621599831,238210,0.9900918,Unknown,5614,Unknown,True
5724854154896,238210,0.9900918,Unknown,5614,Unknown,True
3684454176336,238210,0.9900918,Unknown,5614,Unknown,True
5564824471018,238210,0.9900918,Unknown,5614,Unknown,True
6812953552238,238210,0.9900918,Unknown,5614,Unknown,True
7625366872296,238210,0.9900918,Unknown,5614,Unknown,True
4298141684878,238210,0.9900918,Unknown,5614,Unknown,True
2783768154088,238210,0.9900918,Unknown,5614,Unknown,True
9324012125111,238210,0.9900918,Unknown,5614,Unknown,True
8327875970056,238210,0.9900918,Unknown,5614,Unknown,True
2314265009249,238210,0.9900918,Unknown,5614,Unknown,True
1914504053054,238210,0.9900918,Unknown,5614,Unknown,True
5315680268606,238210,0.9900918,Unknown,5614,Unknown,True
7767762219853,238210,0.9900918,Unknown,5614,Unknown,True
2545745149047,238210,0.9900918,Unknown,5614,Unknown,True
4565150303517,238210,0.9900918,Unknown,5614,Unknown,True
4390301259245,238210,0.9900918,Unknown,5614,Unknown,True
1318918561854,238210,0.9900918,Unknown,5614,Unknown,True
6068872706991,238210,0.9900918,Unknown,5614,Unknown,True
8044177336786,238210,0.9900918,Unknown,5614,Unknown,True
4203105270187,238210,0.9900918,Unknown,5614,Unknown,True
8824924464207,238210,0.9900918,Unknown,5614,Unknown,True
5974476303911,238210,0.9900918,Unknown,5614,Unknown,True
9875667998278,238210,0.9900918,Unknown,5614,Unknown,True
8326199440850,238210,0.9900918,Unknown,5614,Unknown,True
2143952067487,238210,0.9900918,Unknown,5614,Unknown,True
4027340146667,238210,0.9900918,Unknown,5614,Unknown,True
7601487564436,238210,0.9900918,Unknown,5614,Unknown,True
8858288761280,238210,0.9900918,Unknown,5614,Unknown,True
8347230026290,238210,0.9900918,Unknown,5614,Unknown,True
9616246771887,238210,0.9900918,Unknown,5614,Unknown,True
3075353805358,238210,0.9900918,Unknown,5614,Unknown,True
5856029501180,238210,0.9900918,Unknown,5614,Unknown,True
2427257658131,238210,0.9900918,Unknown,5614,Unknown,True
7233579343814,238210,0.9900918,Unknown,5614,Unknown,True
8676490355263,238210,0.9900918,Unknown,5614,Unknown,True
4941593755303,238210,0.9900918,Unknown,5614,Unknown,True
7837683639980,238210,0.9900918,Unknown,5614,Unknown,True
9100091016912,238210,0.9900918,Unknown,5614,Unknown,True
7061900228211,238210,0.9900918,Unknown,5614,Unknown,True
8790927578200,238210,0.9900918,Unknown,5614,Unknown,True
6667538327800,238210,0.9900918,Unknown,5614,Unknown,True
6002282124879,238210,0.9900918,Unknown,5614,Unknown,True
9463465798767,238210,0.9900918,Unknown,5614,Unknown,True
7704275768616,238210,0.9900918,Unknown,5614,Unknown,True
1792744122816,238210,0.9900918,Unknown,5614,Unknown,True
3007980940457,238210,0.9900918,Unknown,5614,Unknown,True
3535822217883,238210,0.9900918,Unknown,5614,Unknown,True
9404199424157,238210,0.9900918,Unknown,5614,Unknown,True
1663116133684,238210,0.9900918,Unknown,5614,Unknown,True
6295426472258,238210,0.9900918,Unknown,5614,Unknown,True
9292306572641,238210,0.9900918,Unknown,5614,Unknown,True
4392630309758,238210,0.9900918,Unknown,5614,Unknown,True
3916583818283,238210,0.9900918,Unknown,5614,Unknown,True
2295595669148,238210,0.9900918,Unknown,5614,Unknown,True
9038514871561,238210,0.9900918,Unknown,5614,Unknown,True
9081432982573,238210,0.9900918,Unknown,5614,Unknown,True
5602930726803,238210,0.9900918,Unknown,5614,Unknown,True
9136312209795,238210,0.9900918,Unknown,5614,Unknown,True
1861088640523,238210,0.9900918,Unknown,5614,Unknown,True
5948221829325,238210,0.9900918,Unknown,5614,Unknown,True
6645283476053,238210,0.9900918,Unknown,5614,Unknown,True
8740937002397,238210,0.9900918,Unknown,5614,Unknown,True
3186506927303,238210,0.9900918,Unknown,5614,Unknown,True
2904759498259,238210,0.9900918,Unknown,5614,Unknown,True
8177640184634,238210,0.9900918,Unknown,5614,Unknown,True
5397014448268,238210,0.9900918,Unknown,5614,Unknown,True
1737406653300,238210,0.9900918,Unknown,5614,Unknown,True
8498519414770,238210,0.9900918,Unknown,5614,Unknown,True
6716569053950,238210,0.9900918,Unknown,5614,Unknown,True
4046747417675,238210,0.9900918,Unknown,5614,Unknown,True
5817553040626,238210,0.9900918,Unknown,5614,Unknown,True
5249063908858,238210,0.9900918,Unknown,5614,Unknown,True
5153749627069,238210,0.9900918,Unknown,5614,Unknown,True
3409537604205,238210,0.9900918,Unknown,5614,Unknown,True
7028508419638,238210,0.9900918,Unknown,5614,Unknown,True
6577048790117,238210,0.9900918,Unknown,5614,Unknown,True
2274241499431,238210,0.9900918,Unknown,5614,Unknown,True
8886194262038,238210,0.9900918,Unknown,5614,Unknown,True
3546334812585,238210,0.9900918,Unknown,5614,Unknown,True
8211937032101,238210,0.9900918,Unknown,5614,Unknown,True
9496613654905,238210,0.9900918,Unknown,5614,Unknown,True
8989587442698,238210,0.9900918,Unknown,5614,Unknown,True
3695113258438,238210,0.9900918,Unknown,5614,Unknown,True
4420915601563,238210,0.9900918,Unknown,5614,Unknown,True
1354738036400,238210,0.9900918,Unknown,5614,Unknown,True
8330179887551,238210,0.9900918,Unknown,5614,Unknown,True
6852365140902,238210,0.9900918,Unknown,5614,Unknown,True
5760681018644,238210,0.9900918,Unknown,5614,Unknown,True
2619195215620,238210,0.9900918,Unknown,5614,Unknown,True
6076770203450,238210,0.9900918,Unknown,5614,Unknown,True
3900208430153,238210,0.9900918,Unknown,5614,Unknown,True
1231477329657,238210,0.9900918,Unknown,5614,Unknown,True
9547583800601,238210,0.9900918,Unknown,5614,Unknown,True
8799018656516,238210,0.9900918,Unknown,5614,Unknown,True
5766906728405,238210,0.9900918,Unknown,5614,Unknown,True
7843902334102,238210,0.9900918,Unknown,5614,Unknown,True
6226429867787,238210,0.9900918,Unknown,5614,Unknown,True
5327570480956,238210,0.9900918,Unknown,5614,Unknown,True
9398910825323,238210,0.9900918,Unknown,5614,Unknown,True
4891322041861,238210,0.9900918,Unknown,5614,Unknown,True
9247028229219,238210,0.9900918,Unknown,5614,Unknown,True
4603157082483,238210,0.9900918,Unknown,5614,Unknown,True
4071435511429,238210,0.9900918,Unknown,5614,Unknown,True
2511868997739,238210,0.9900918,Unknown,5614,Unknown,True
9841222027585,238210,0.9900918,Unknown,5614,Unknown,True
2065044558019,238210,0.9900918,Unknown,5614,Unknown,True
6501377929510,238210,0.9900918,Unknown,5614,Unknown,True
5230153209010,238210,0.9900918,Unknown,5614,Unknown,True
1488862159806,238210,0.9900918,Unknown,5614,Unknown,True
1456734963700,238210,0.9900918,Unknown,5614,Unknown,True
1137388501770,238210,0.9900918,Unknown,5614,Unknown,True
4173741097464,238210,0.9900918,Unknown,5614,Unknown,True
7167311314587,238210,0.9900918,Unknown,5614,Unknown,True
5953332674238,238210,0.9900918,Unknown,5614,Unknown,True
7713252922328,238210,0.9900918,Unknown,5614,Unknown,True
8674885869716,238210,0.9900918,Unknown,5614,Unknown,True
3067016226070,238210,0.9900918,Unknown,5614,Unknown,True
4401820319087,238210,0.9900918,Unknown,5614,Unknown,True
2834918746666,238210,0.9900918,Unknown,5614,Unknown,True
2575917725374,238210,0.9900918,Unknown,5614,Unknown,True
1144701867012,238210,0.9900918,Unknown,5614,Unknown,True
1554834200620,238210,0.9900918,Unknown,5614,Unknown,True
6163220579703,238210,0.9900918,Unknown,5614,Unknown,True
2931489550590,238210,0.9900918,Unknown,5614,Unknown,True
7518780114719,238210,0.9900918,Unknown,5614,Unknown,True
2633973607385,238210,0.9900918,Unknown,5614,Unknown,True
9838222827940,238210,0.9900918,Unknown,5614,Unknown,True
6180944819945,238210,0.9900918,Unknown,5614,Unknown,True
2354294989402,238210,0.9900918,Unknown,5614,Unknown,True
4549471634925,238210,0.9900918,Unknown,5614,Unknown,True
8972644814946,238210,0.9900918,Unknown,5614,Unknown,True
4808323757164,238210,0.9900918,Unknown,5614,Unknown,True
9772318070378,238210,0.9900918,Unknown,5614,Unknown,True
3369136902781,238210,0.9900918,Unknown,5614,Unknown,True
4108287675033,238210,0.9900918,Unknown,5614,Unknown,True
8755689578730,238210,0.9900918,Unknown,5614,Unknown,True
7220584107545,238210,0.9900918,Unknown,5614,Unknown,True
4606831464068,238210,0.9900918,Unknown,5614,Unknown,True
9854466229189,238210,0.9900918,Unknown,5614,Unknown,True
2311298219142,238210,0.9900918,Unknown,5614,Unknown,True
8522794154467,238210,0.9900918,Unknown,5614,Unknown,True
2759222426325,238210,0.9900918,Unknown,5614,Unknown,True
2696578371891,238210,0.9900918,Unknown,5614,Unknown,True
4370817246850,238210,0.9900918,Unknown,5614,Unknown,True
3170355908529,238210,0.9900918,Unknown,5614,Unknown,True
8029155978578,238210,0.9900918,Unknown,5614,Unknown,True
7449062557777,238210,0.9900918,Unknown,5614,Unknown,True
1662784671580,238210,0.9900918,Unknown,5614,Unknown,True
8501326425438,238210,0.9900918,Unknown,5614,Unknown,True
8090491659533,238210,0.9900918,Unknown,5614,Unknown,True
9851958085496,238210,0.9900918,Unknown,5614,Unknown,True
7118205671383,238210,0.9900918,Unknown,5614,Unknown,True
8074451960709,238210,0.9900918,Unknown,5614,Unknown,True
9466745179601,238210,0.9900918,Unknown,5614,Unknown,True
2171062754070,238210,0.9900918,Unknown,5614,Unknown,True
3087856269998,238210,0.9900918,Unknown,5614,Unknown,True
7950618617049,238210,0.9900918,Unknown,5614,Unknown,True
4188458652080,238210,0.9900918,Unknown,5614,Unknown,True
7200744808890,238210,0.9900918,Unknown,5614,Unknown,True
6798369381460,238210,0.9900918,Unknown,5614,Unknown,True
3554972443332,238210,0.9900918,Unknown,5614,Unknown,True
4866767793227,238210,0.9900918,Unknown,5614,Unknown,True
3742627157367,238210,0.9900918,Unknown,5614,Unknown,True
8387657859657,238210,0.9900918,Unknown,5614,Unknown,True
7426270025576,238210,0.9900918,Unknown,5614,Unknown,True
2733634414474,238210,0.9900918,Unknown,5614,Unknown,True
9639544848133,238210,0.9900918,Unknown,5614,Unknown,True
8851269135162,238210,0.9900918,Unknown,5614,Unknown,True
1168257079179,238210,0.9900918,Unknown,5614,Unknown,True
8037845870955,238210,0.9900918,Unknown,5614,Unknown,True
3701352894890,238210,0.9900918,Unknown,5614,Unknown,True
2987263506674,238210,0.9900918,Unknown,5614,Unknown,True
1693296087785,238210,0.9900918,Unknown,5614,Unknown,True
9248946691923,238210,0.9900918,Unknown,5614,Unknown,True
2489270406975,238210,0.9900918,Unknown,5614,Unknown,True
9391389782938,238210,0.9900918,Unknown,5614,Unknown,True
5170690219391,238210,0.9900918,Unknown,5614,Unknown,True
8907539452016,238210,0.9900918,Unknown,5614,Unknown,True
5451313802048,238210,0.9900918,Unknown,5614,Unknown,True
5539348422127,238210,0.9900918,Unknown,5614,Unknown,True
4887638030254,238210,0.9900918,Unknown,5614,Unknown,True
4963519117544,238210,0.9900918,Unknown,5614,Unknown,True
9022887612604,238210,0.9900918,Unknown,5614,Unknown,True
3956264177953,238210,0.9900918,Unknown,5614,Unknown,True
8919383163402,238210,0.9900918,Unknown,5614,Unknown,True
6140291756105,238210,0.9900918,Unknown,5614,Unknown,True
2668050309725,238210,0.9900918,Unknown,5614,Unknown,True
8585606099650,238210,0.9900918,Unknown,5614,Unknown,True
9042402265065,238210,0.9900918,Unknown,5614,Unknown,True
3552454361245,238210,0.9900918,Unknown,5614,Unknown,True
1162634204401,238210,0.9900918,Unknown,5614,Unknown,True
2833758535648,238210,0.9900918,Unknown,5614,Unknown,True
8909220063835,238210,0.9900918,Unknown,5614,Unknown,True
2070097722169,238210,0.9900918,Unknown,5614,Unknown,True
6071016323862,238210,0.9900918,Unknown,5614,Unknown,True
5946998071921,238210,0.9900918,Unknown,5614,Unknown,True
1188873478613,238210,0.9900918,Unknown,5614,Unknown,True
7298272911349,238210,0.9900918,Unknown,5614,Unknown,True
4254143896262,238210,0.9900918,Unknown,5614,Unknown,True
8631800525075,238210,0.9900918,Unknown,5614,Unknown,True
9376102363979,238210,0.9900918,Unknown,5614,Unknown,True
2664195729027,238210,0.9900918,Unknown,5614,Unknown,True
4612373015839,238210,0.9900918,Unknown,5614,Unknown,True
6003755701705,238210,0.9900918,Unknown,5614,Unknown,True
1896058080105,238210,0.9900918,Unknown,5614,Unknown,True
3869052319788,238210,0.9900918,Unknown,5614,Unknown,True
9391294334476,238210,0.9900918,Unknown,5614,Unknown,True
3153503222477,238210,0.9900918,Unknown,5614,Unknown,True
9502694718159,238210,0.9900918,Unknown,5614,Unknown,True
8425515269620,238210,0.9900918,Unknown,5614,Unknown,True
8459256628524,238210,0.9900918,Unknown,5614,Unknown,True
3308600554994,238210,0.9900918,Unknown,5614,Unknown,True
8494655982115,238210,0.9900918,Unknown,5614,Unknown,True
6418045342430,238210,0.9900918,Unknown,5614,Unknown,True
8647643243436,238210,0.9900918,Unknown,5614,Unknown,True
5219548257371,238210,0.9900918,Unknown,5614,Unknown,True
5895094100285,238210,0.9900918,Unknown,5614,Unknown,True
5229171578938,238210,0.9900918,Unknown,5614,Unknown,True
1549456788366,238210,0.9900918,Unknown,5614,Unknown,True
4670556700511,238210,0.9900918,Unknown,5614,Unknown,True
8029414372199,238210,0.9900918,Unknown,5614,Unknown,True
7672072912791,238210,0.9900918,Unknown,5614,Unknown,True
5313766419002,238210,0.9900918,Unknown,5614,Unknown,True
5609122256192,238210,0.9900918,Unknown,5614,Unknown,True
4618388284134,238210,0.9900918,Unknown,5614,Unknown,True
2224376407120,238210,0.9900918,Unknown,5614,Unknown,True
6922935995533,238210,0.9900918,Unknown,5614,Unknown,True
8926530989283,238210,0.9900918,Unknown,5614,Unknown,True
8641900105033,238210,0.9900918,Unknown,5614,Unknown,True
8631479175156,238210,0.9900918,Unknown,5614,Unknown,True
2992112476614,238210,0.9900918,Unknown,5614,Unknown,True
1076671357772,238210,0.9900918,Unknown,5614,Unknown,True
9755290329136,238210,0.9900918,Unknown,5614,Unknown,True
9234124672454,238210,0.9900918,Unknown,5614,Unknown,True
7696662249024,238210,0.9900918,Unknown,5614,Unknown,True
7361849177443,238210,0.9900918,Unknown,5614,Unknown,True
9386293940603,238210,0.9900918,Unknown,5614,Unknown,True
8615464084220,238210,0.9900918,Unknown,5614,Unknown,True
6307173814480,238210,0.9900918,Unknown,5614,Unknown,True
5636486066161,238210,0.9900918,Unknown,5614,Unknown,True
8009491561672,238210,0.9900918,Unknown,5614,Unknown,True
4304714256305,238210,0.9900918,Unknown,5614,Unknown,True
2145586638522,238210,0.9900918,Unknown,5614,Unknown,True
9735453612410,238210,0.9900918,Unknown,5614,Unknown,True
2436530958802,238210,0.9900918,Unknown,5614,Unknown,True
1893795184032,238210,0.9900918,Unknown,5614,Unknown,True
8807189365872,238210,0.9900918,Unknown,5614,Unknown,True
8682661211629,238210,0.9900918,Unknown,5614,Unknown,True
2563765300138,238210,0.9900918,Unknown,5614,Unknown,True
1115331894093,238210,0.9900918,Unknown,5614,Unknown,True
3883679362316,238210,0.9900918,Unknown,5614,Unknown,True
6481813919872,238210,0.9900918,Unknown,5614,Unknown,True
9339597853120,238210,0.9900918,Unknown,5614,Unknown,True
4663290276501,238210,0.9900918,Unknown,5614,Unknown,True
2460666233151,238210,0.9900918,Unknown,5614,Unknown,True
7227437000477,238210,0.9900918,Unknown,5614,Unknown,True
1206411392500,238210,0.9900918,Unknown,5614,Unknown,True
6238614412117,238210,0.9900918,Unknown,5614,Unknown,True
6955567143224,238210,0.9900918,Unknown,5614,Unknown,True
2415109228631,238210,0.9900918,Unknown,5614,Unknown,True
5654706205662,238210,0.9900918,Unknown,5614,Unknown,True
7772980104633,238210,0.9900918,Unknown,5614,Unknown,True
9616063725194,238210,0.9900918,Unknown,5614,Unknown,True
8954361910834,238210,0.9900918,Unknown,5614,Unknown,True
9294745099553,238210,0.9900918,Unknown,5614,Unknown,True
1834859367887,238210,0.9900918,Unknown,5614,Unknown,True
3568427568002,238210,0.9900918,Unknown,5614,Unknown,True
6654310639706,238210,0.9900918,Unknown,5614,Unknown,True
2571803594763,238210,0.9900918,Unknown,5614,Unknown,True
2801558092722,238210,0.9900918,Unknown,5614,Unknown,True
2164011232540,238210,0.9900918,Unknown,5614,Unknown,True
3155216795175,238210,0.9900918,Unknown,5614,Unknown,True
9194135152510,238210,0.9900918,Unknown,5614,Unknown,True
1147502870810,238210,0.9900918,Unknown,5614,Unknown,True
5926619919444,238210,0.9900918,Unknown,5614,Unknown,True
1037538859285,238210,0.9900918,Unknown,5614,Unknown,True
3971383495570,238210,0.9900918,Unknown,5614,Unknown,True
3510524488271,238210,0.9900918,Unknown,5614,Unknown,True
4708004624151,238210,0.9900918,Unknown,5614,Unknown,True
8058398553937,238210,0.9900918,Unknown,5614,Unknown,True
8626716699984,238210,0.9900918,Unknown,5614,Unknown,True
9075991373658,238210,0.9900918,Unknown,5614,Unknown,True
2460044848186,238210,0.9900918,Unknown,5614,Unknown,True
3619250565626,238210,0.9900918,Unknown,5614,Unknown,True
5982866501412,238210,0.9900918,Unknown,5614,Unknown,True
1444216984264,238210,0.9900918,Unknown,5614,Unknown,True
6080120930534,238210,0.9900918,Unknown,5614,Unknown,True
8169297101247,238210,0.9900918,Unknown,5614,Unknown,True
7748827300356,238210,0.9900918,Unknown,5614,Unknown,True
9564326507973,238210,0.9900918,Unknown,5614,Unknown,True
5456418716332,238210,0.9900918,Unknown,5614,Unknown,True
4129314470577,238210,0.9900918,Unknown,5614,Unknown,True
3662541493659,238210,0.9900918,Unknown,5614,Unknown,True
6239189337004,238210,0.9900918,Unknown,5614,Unknown,True
4077346824739,238210,0.9900918,Unknown,5614,Unknown,True
2991862892879,238210,0.9900918,Unknown,5614,Unknown,True
9034370326840,238210,0.9900918,Unknown,5614,Unknown,True
7865155198585,238210,0.9900918,Unknown,5614,Unknown,True
1285882175113,238210,0.9900918,Unknown,5614,Unknown,True
5414138877022,238210,0.9900918,Unknown,5614,Unknown,True
1254129376741,238210,0.9900918,Unknown,5614,Unknown,True
1106507317184,238210,0.9900918,Unknown,5614,Unknown,True
9580062621525,238210,0.9900918,Unknown,5614,Unknown,True
8785816224661,238210,0.9900918,Unknown,5614,Unknown,True
1497268453819,238210,0.9900918,Unknown,5614,Unknown,True
5288257826832,238210,0.9900918,Unknown,5614,Unknown,True
7441417284395,238210,0.9900918,Unknown,5614,Unknown,True
1399068641439,238210,0.9900918,Unknown,5614,Unknown,True
4204579859518,238210,0.9900918,Unknown,5614,Unknown,True
4535700420037,238210,0.9900918,Unknown,5614,Unknown,True
9921069883397,238210,0.9900918,Unknown,5614,Unknown,True
6758101423379,238210,0.9900918,Unknown,5614,Unknown,True
4844987085755,238210,0.9900918,Unknown,5614,Unknown,True
5066169339231,238210,0.9900918,Unknown,5614,Unknown,True
1196229216887,238210,0.9900918,Unknown,5614,Unknown,True
8821702125784,238210,0.9900918,Unknown,5614,Unknown,True
5000850618846,238210,0.9900918,Unknown,5614,Unknown,True
8275988923264,238210,0.9900918,Unknown,5614,Unknown,True
2833160062195,238210,0.9900918,Unknown,5614,Unknown,True
2434739822272,238210,0.9900918,Unknown,5614,Unknown,True
1998619243519,238210,0.9900918,Unknown,5614,Unknown,True
6430176671010,238210,0.9900918,Unknown,5614,Unknown,True
4119827389641,238210,0.9900918,Unknown,5614,Unknown,True
6010960112431,238210,0.9900918,Unknown,5614,Unknown,True
9375446260652,238210,0.9900918,Unknown,5614,Unknown,True
8262144277006,238210,0.9900918,Unknown,5614,Unknown,True
4348535129270,238210,0.9900918,Unknown,5614,Unknown,True
8620712635371,238210,0.9900918,Unknown,5614,Unknown,True
8920779910643,238210,0.9900918,Unknown,5614,Unknown,True
9697266283907,238210,0.9900918,Unknown,5614,Unknown,True
4407029294755,238210,0.9900918,Unknown,5614,Unknown,True
8146554851800,238210,0.9900918,Unknown,5614,Unknown,True
4319590488991,238210,0.9900918,Unknown,5614,Unknown,True
6339514101759,238210,0.9900918,Unknown,5614,Unknown,True
9103619707117,238210,0.9900918,Unknown,5614,Unknown,True
2216169964247,238210,0.9900918,Unknown,5614,Unknown,True
8560703567231,238210,0.9900918,Unknown,5614,Unknown,True
9046665334471,238210,0.9900918,Unknown,5614,Unknown,True
4013366908340,238210,0.9900918,Unknown,5614,Unknown,True
3746849259602,238210,0.9900918,Unknown,5614,Unknown,True
2061558127752,238210,0.9900918,Unknown,5614,Unknown,True
3053976889890,238210,0.9900918,Unknown,5614,Unknown,True
1558076379967,238210,0.9900918,Unknown,5614,Unknown,True
1954642928253,238210,0.9900918,Unknown,5614,Unknown,True
3499974982176,238210,0.9900918,Unknown,5614,Unknown,True
1274552759625,238210,0.9900918,Unknown,5614,Unknown,True
2554441125493,238210,0.9900918,Unknown,5614,Unknown,True
8498836746342,238210,0.9900918,Unknown,5614,Unknown,True
5573730809662,238210,0.9900918,Unknown,5614,Unknown,True
3341421496316,238210,0.9900918,Unknown,5614,Unknown,True
6061889312994,238210,0.9900918,Unknown,5614,Unknown,True
8422116169321,238210,0.9900918,Unknown,5614,Unknown,True
4250754644971,238210,0.9900918,Unknown,5614,Unknown,True
3588981533183,238210,0.9900918,Unknown,5614,Unknown,True
9933055030282,238210,0.9900918,Unknown,5614,Unknown,True
2317548266390,238210,0.9900918,Unknown,5614,Unknown,True
5827206225869,238210,0.9900918,Unknown,5614,Unknown,True
6050545252962,238210,0.9900918,Unknown,5614,Unknown,True
3181127389703,238210,0.9900918,Unknown,5614,Unknown,True
1283318778303,238210,0.9900918,Unknown,5614,Unknown,True
7737927684769,238210,0.9900918,Unknown,5614,Unknown,True
9709741235283,238210,0.9900918,Unknown,5614,Unknown,True
6996392738407,238210,0.9900918,Unknown,5614,Unknown,True
7369419944863,238210,0.9900918,Unknown,5614,Unknown,True
1987937879201,238210,0.9900918,Unknown,5614,Unknown,True
7276692021627,238210,0.9900918,Unknown,5614,Unknown,True
1702566550953,238210,0.9900918,Unknown,5614,Unknown,True
9293906540933,238210,0.9900918,Unknown,5614,Unknown,True
7718808890608,238210,0.9900918,Unknown,5614,Unknown,True
1204464929935,238210,0.9900918,Unknown,5614,Unknown,True
7966698422968,238210,0.9900918,Unknown,5614,Unknown,True
5565650436579,238210,0.9900918,Unknown,5614,Unknown,True
9979008104412,238210,0.9900918,Unknown,5614,Unknown,True
2241286203318,238210,0.9900918,Unknown,5614,Unknown,True
1185319543321,238210,0.9900918,Unknown,5614,Unknown,True
9561527971403,238210,0.9900918,Unknown,5614,Unknown,True
1152990514720,238210,0.9900918,Unknown,5614,Unknown,True
8996130365445,238210,0.9900918,Unknown,5614,Unknown,True
8316268917642,238210,0.9900918,Unknown,5614,Unknown,True
1077442057020,238210,0.9900918,Unknown,5614,Unknown,True
7894640121376,238210,0.9900918,Unknown,5614,Unknown,True
6006922143569,238210,0.9900918,Unknown,5614,Unknown,True
4033510379815,238210,0.9900918,Unknown,5614,Unknown,True
1348244444482,238210,0.9900918,Unknown,5614,Unknown,True
6023199243581,238210,0.9900918,Unknown,5614,Unknown,True
5701987512401,238210,0.9900918,Unknown,5614,Unknown,True
1731873399301,238210,0.9900918,Unknown,5614,Unknown,True
9182668789158,238210,0.9900918,Unknown,5614,Unknown,True
8978892130201,238210,0.9900918,Unknown,5614,Unknown,True
7057289751223,238210,0.9900918,Unknown,5614,Unknown,True
2811553181198,238210,0.9900918,Unknown,5614,Unknown,True
8941937962752,238210,0.9900918,Unknown,5614,Unknown,True
9438530408814,238210,0.9900918,Unknown,5614,Unknown,True
5748820494651,238210,0.9900918,Unknown,5614,Unknown,True
1552636820515,238210,0.9900918,Unknown,5614,Unknown,True
5291354537590,238210,0.9900918,Unknown,5614,Unknown,True
6571132818409,238210,0.9900918,Unknown,5614,Unknown,True
5064803187320,238210,0.9900918,Unknown,5614,Unknown,True
8978175190701,238210,0.9900918,Unknown,5614,Unknown,True
5704853180577,238210,0.9900918,Unknown,5614,Unknown,True
7036229767266,238210,0.9900918,Unknown,5614,Unknown,True
5041592693595,238210,0.9900918,Unknown,5614,Unknown,True
2512796538058,238210,0.9900918,Unknown,5614,Unknown,True
3720017812022,238210,0.9900918,Unknown,5614,Unknown,True
3873735124444,238210,0.9900918,Unknown,5614,Unknown,True
2818986601092,238210,0.9900918,Unknown,5614,Unknown,True
2322667602697,238210,0.9900918,Unknown,5614,Unknown,True
7714076787000,238210,0.9900918,Unknown,5614,Unknown,True
5226910390220,238210,0.9900918,Unknown,5614,Unknown,True
4281458561830,238210,0.9900918,Unknown,5614,Unknown,True
2450711001669,238210,0.9900918,Unknown,5614,Unknown,True
3377774968467,238210,0.9900918,Unknown,5614,Unknown,True
6435670347828,238210,0.9900918,Unknown,5614,Unknown,True
5117531660561,238210,0.9900918,Unknown,5614,Unknown,True
5400142103517,238210,0.9900918,Unknown,5614,Unknown,True
6419700876828,238210,0.9900918,Unknown,5614,Unknown,True
1327098275685,238210,0.9900918,Unknown,5614,Unknown,True
5527589058307,238210,0.9900918,Unknown,5614,Unknown,True
1125245490055,238210,0.9900918,Unknown,5614,Unknown,True
7151668217989,238210,0.9900918,Unknown,5614,Unknown,True
8380045048790,238210,0.9900918,Unknown,5614,Unknown,True
1609666432442,238210,0.9900918,Unknown,5614,Unknown,True
9137826481909,238210,0.9900918,Unknown,5614,Unknown,True
4450078915975,238210,0.9900918,Unknown,5614,Unknown,True
1663558063215,238210,0.9900918,Unknown,5614,Unknown,True
9380579272365,238210,0.9900918,Unknown,5614,Unknown,True
6566219932186,238210,0.9900918,Unknown,5614,Unknown,True
6329002624894,238210,0.9900918,Unknown,5614,Unknown,True
3361669108145,238210,0.9900918,Unknown,5614,Unknown,True
5526835554589,238210,0.9900918,Unknown,5614,Unknown,True
3818333001341,238210,0.9900918,Unknown,5614,Unknown,True
1474035423974,238210,0.9900918,Unknown,5614,Unknown,True
9693493688383,238210,0.9900918,Unknown,5614,Unknown,True
2647486594284,238210,0.9900918,Unknown,5614,Unknown,True
1636060703908,238210,0.9900918,Unknown,5614,Unknown,True
7805673020122,238210,0.9900918,Unknown,5614,Unknown,True
9519238473744,238210,0.9900918,Unknown,5614,Unknown,True
4531241658522,238210,0.9900918,Unknown,5614,Unknown,True
1475957875203,238210,0.9900918,Unknown,5614,Unknown,True
7572427881134,238210,0.9900918,Unknown,5614,Unknown,True
7989669299025,238210,0.9900918,Unknown,5614,Unknown,True
7925124210147,238210,0.9900918,Unknown,5614,Unknown,True
5714340842520,238210,0.9900918,Unknown,5614,Unknown,True
8451718257487,238210,0.9900918,Unknown,5614,Unknown,True
7090749719437,238210,0.9900918,Unknown,5614,Unknown,True
9189310113438,238210,0.9900918,Unknown,5614,Unknown,True
1115617791725,238210,0.9900918,Unknown,5614,Unknown,True
1625468235074,238210,0.9900918,Unknown,5614,Unknown,True
4541144877588,238210,0.9900918,Unknown,5614,Unknown,True
9894696522499,238210,0.9900918,Unknown,5614,Unknown,True
8559897143662,238210,0.9900918,Unknown,5614,Unknown,True
7038573727710,238210,0.9900918,Unknown,5614,Unknown,True
1832670856526,238210,0.9900918,Unknown,5614,Unknown,True
6362939546509,238210,0.9900918,Unknown,5614,Unknown,True
1758581425708,238210,0.9900918,Unknown,5614,Unknown,True
7102992612898,238210,0.9900918,Unknown,5614,Unknown,True
3174061752224,238210,0.9900918,Unknown,5614,Unknown,True
5327086373570,238210,0.9900918,Unknown,5614,Unknown,True
6429961477756,238210,0.9900918,Unknown,5614,Unknown,True
4976990458968,238210,0.9900918,Unknown,5614,Unknown,True
9103631000473,238210,0.9900918,Unknown,5614,Unknown,True
7112824908387,238210,0.9900918,Unknown,5614,Unknown,True
8224389864809,238210,0.9900918,Unknown,5614,Unknown,True
3128564663537,238210,0.9900918,Unknown,5614,Unknown,True
2713604258824,238210,0.9900918,Unknown,5614,Unknown,True
5765130622502,238210,0.9900918,Unknown,5614,Unknown,True
8832504977662,238210,0.9900918,Unknown,5614,Unknown,True
9708825348476,238210,0.9900918,Unknown,5614,Unknown,True
4472699272823,238210,0.9900918,Unknown,5614,Unknown,True
3517220287921,238210,0.9900918,Unknown,5614,Unknown,True
7333190178067,238210,0.9900918,Unknown,5614,Unknown,True
1715736623686,238210,0.9900918,Unknown,5614,Unknown,True
3988787212678,238210,0.9900918,Unknown,5614,Unknown,True
6803942403229,238210,0.9900918,Unknown,5614,Unknown,True
5107806669714,238210,0.9900918,Unknown,5614,Unknown,True
9061231963670,238210,0.9900918,Unknown,5614,Unknown,True
9659728047218,238210,0.9900918,Unknown,5614,Unknown,True
4240336512252,238210,0.9900918,Unknown,5614,Unknown,True
9893228543650,238210,0.9900918,Unknown,5614,Unknown,True
9606844341710,238210,0.9900918,Unknown,5614,Unknown,True
3369655042751,238210,0.9900918,Unknown,5614,Unknown,True
3165877220293,238210,0.9900918,Unknown,5614,Unknown,True
6196517063291,238210,0.9900918,Unknown,5614,Unknown,True
9568338151393,238210,0.9900918,Unknown,5614,Unknown,True
4469304634837,238210,0.9900918,Unknown,5614,Unknown,True
3691006651860,238210,0.9900918,Unknown,5614,Unknown,True
7530771142835,238210,0.9900918,Unknown,5614,Unknown,True
7541722774663,238210,0.9900918,Unknown,5614,Unknown,True
5010736562621,238210,0.9900918,Unknown,5614,Unknown,True
3685023347295,238210,0.9900918,Unknown,5614,Unknown,True
8648684042183,238210,0.9900918,Unknown,5614,Unknown,True
9567747447641,238210,0.9900918,Unknown,5614,Unknown,True
2263628708763,238210,0.9900918,Unknown,5614,Unknown,True
4055554110245,238210,0.9900918,Unknown,5614,Unknown,True
5780266577177,238210,0.9900918,Unknown,5614,Unknown,True
6160136677945,238210,0.9900918,Unknown,5614,Unknown,True
1791913379769,238210,0.9900918,Unknown,5614,Unknown,True
4180522608393,238210,0.9900918,Unknown,5614,Unknown,True
6962253167804,238210,0.9900918,Unknown,5614,Unknown,True
